month,series,value,zscore_score,zscore_vote,mad_score,mad_vote,iforest_score,iforest_vote,lstm_ed_score,lstm_ed_vote,votes,anomaly,ensemble_score,near_drift
1980-11,notices,0.0,0.0,False,0.0,False,0.600506,True,0.281568,False,1,False,0.1991,True
1980-12,notices,2.0,0.0,False,0.0,False,0.628734,True,0.02032,False,1,False,0.1367,True
1981-01,notices,2.0,0.0,False,0.0,False,0.571393,False,0.029235,False,0,False,0.127,True
1981-02,notices,5.0,0.0,False,0.0,False,0.630215,True,0.086878,False,1,False,0.1544,True
1981-03,notices,0.0,0.0,False,0.0,False,0.707023,True,0.477041,False,1,False,0.2724,True
1981-04,notices,3.0,0.0,False,0.0,False,0.645235,True,0.02845,False,1,False,0.1423,True
1981-05,notices,2.0,0.0,False,0.0,False,0.579545,False,0.226646,False,0,False,0.1803,True
1981-06,notices,4.0,0.0,False,0.0,False,0.610372,True,0.030858,False,1,False,0.1356,True
1981-07,notices,9.0,0.0,False,0.0,False,0.623515,True,0.050006,False,1,False,0.1434,True
1981-08,notices,10.0,0.0,False,0.0,False,0.599511,True,0.049698,False,1,False,0.1383,True
1981-09,notices,18.0,0.0,False,0.0,False,0.634091,True,0.251914,False,1,False,0.1983,True
1981-10,notices,19.0,0.0,False,0.0,False,0.613471,True,0.244322,False,1,False,0.192,True
1981-11,notices,8.0,0.685197,False,0.750691,False,0.619489,True,0.012348,False,1,False,0.1925,True
1981-12,notices,18.0,1.417829,False,1.167172,False,0.597312,False,0.134407,False,0,False,0.2676,False
1982-01,notices,11.0,0.681139,False,0.416692,False,0.539071,False,0.010878,False,0,False,0.1612,False
1982-02,notices,22.0,1.300434,False,0.854481,False,0.535805,False,0.141747,False,0,False,0.2388,False
1982-03,notices,11.0,0.402851,False,0.149542,False,0.545675,False,0.009776,False,0,False,0.1396,False
1982-04,notices,11.0,0.259759,False,0.05951,False,0.467642,False,0.013788,False,0,False,0.1146,False
1982-05,notices,23.0,1.201952,False,1.227012,False,0.528473,False,0.084049,False,0,False,0.2336,False
1982-06,notices,14.0,0.255765,False,0.401178,False,0.504382,False,0.003261,False,0,False,0.1336,False
1982-07,notices,21.0,1.183254,False,1.023789,False,0.47772,False,0.049595,False,0,False,0.2047,False
1982-08,notices,32.0,2.18194,False,1.364325,False,0.479803,False,0.208552,False,0,False,0.3025,False
1982-09,notices,49.0,2.773941,False,2.721301,False,0.496876,False,0.496287,True,1,False,0.4625,False
1982-10,notices,34.0,1.28846,False,1.029607,False,0.48729,False,0.278592,False,0,False,0.2712,False
1982-11,notices,44.0,1.589205,False,1.042171,False,0.458335,False,0.488242,True,1,False,0.333,True
1982-12,notices,22.0,0.067252,False,0.035363,False,0.52077,False,0.147319,False,0,False,0.1516,True
1983-01,notices,2.0,4.483094,True,3.645609,True,0.775846,True,1.068827,True,4,True,0.7508,True
1983-02,notices,15.0,0.259129,False,0.582277,False,0.679103,True,0.081253,False,1,False,0.1982,True
1983-03,notices,14.0,0.30224,False,0.651807,False,0.484707,False,0.071495,False,0,False,0.1597,True
1983-04,notices,10.0,0.727049,False,1.203861,False,0.529622,False,0.046034,False,0,False,0.2032,True
1983-05,notices,6.0,1.312207,False,2.007528,False,0.640086,True,0.125166,False,1,False,0.3048,True
1983-06,notices,15.0,0.09935,False,0.195117,False,0.553413,False,0.084331,False,0,False,0.1499,True
1983-07,notices,11.0,0.448277,False,0.554829,False,0.498578,False,0.026669,False,0,False,0.1529,True
1983-08,notices,14.0,0.121992,False,0.080017,False,0.464248,False,0.061936,False,0,False,0.1216,True
1983-09,notices,7.0,0.834538,False,1.244952,False,0.592861,False,0.038853,False,0,False,0.2207,True
1983-10,notices,19.0,0.522493,False,0.522488,False,0.560469,False,0.157309,False,0,False,0.2018,False
1983-11,notices,12.0,0.018927,False,0.323982,False,0.495836,False,0.018653,False,0,False,0.1228,False
1983-12,notices,9.0,0.255969,False,1.161929,False,0.503306,False,0.006904,False,0,False,0.1661,False
1984-01,notices,12.0,0.327221,False,0.114891,False,0.473705,False,0.007451,False,0,False,0.1194,False
1984-02,notices,16.0,1.005553,False,0.957131,False,0.46606,False,0.045494,False,0,False,0.1911,False
1984-03,notices,9.0,0.723144,False,0.957131,False,0.539422,False,0.021899,False,0,False,0.1885,True
1984-04,notices,11.0,0.022522,False,0.120178,False,0.480422,False,0.008363,False,0,False,0.1085,True
1984-05,notices,14.0,0.667038,False,0.545996,False,0.463113,False,0.007918,False,0,False,0.1494,True
1984-06,notices,21.0,2.001496,False,2.000883,False,0.479982,False,0.053259,False,0,False,0.281,True
1984-07,notices,17.0,1.007621,False,1.063447,False,0.470408,False,0.02001,False,0,False,0.1898,True
1984-08,notices,21.0,1.507613,False,1.350966,False,0.462363,False,0.033461,False,0,False,0.2245,True
1984-09,notices,28.0,2.090861,False,1.633724,False,0.476525,False,0.06811,False,0,False,0.2726,True
1984-10,notices,25.0,1.454155,False,1.266336,False,0.464616,False,0.038617,False,0,False,0.2205,True
1984-11,notices,35.0,2.176997,False,1.772288,False,0.472605,False,0.076044,False,0,False,0.2832,True
1984-12,notices,41.0,2.03807,False,1.699163,False,0.46382,False,0.087446,False,0,False,0.2755,True
1985-01,notices,42.0,1.711287,False,1.554624,False,0.459279,False,0.06603,False,0,False,0.2493,True
1985-02,notices,45.0,1.540342,False,1.483274,False,0.45093,False,0.056469,False,0,False,0.235,True
1985-03,notices,54.0,1.612057,False,1.262129,False,0.459512,False,0.074805,False,0,False,0.2353,False
1985-04,notices,42.0,0.921744,False,0.708135,False,0.451016,False,0.01421,False,0,False,0.1659,False
1985-05,notices,57.0,1.517587,False,1.230888,False,0.448294,False,0.048788,False,0,False,0.2209,False
1985-06,notices,56.0,1.303078,False,0.802876,False,0.427927,False,0.032974,False,0,False,0.1858,False
1985-07,notices,53.0,0.966465,False,0.586157,False,0.42051,False,0.016146,False,0,False,0.1568,False
1985-08,notices,59.0,1.196245,False,0.9474,False,0.424222,False,0.028841,False,0,False,0.1855,False
1985-09,notices,89.0,2.56442,False,2.228871,False,0.451784,False,0.154326,False,0,False,0.3345,False
1985-10,notices,63.0,0.887866,False,1.12493,False,0.441443,False,0.03903,False,0,False,0.1863,False
1985-11,notices,48.0,0.279098,False,0.43475,False,0.42782,False,0.002914,False,0,False,0.1199,False
1985-12,notices,51.0,0.160257,False,0.237186,False,0.41387,False,0.007763,False,0,False,0.1051,False
1986-01,notices,32.0,2.533538,False,3.359823,True,0.487227,False,0.032415,False,1,False,0.3558,False
1986-02,notices,61.0,0.60353,False,0.858003,False,0.471527,False,0.039322,False,0,False,0.1697,False
1986-03,notices,42.0,1.025451,False,2.030476,False,0.441399,False,0.002558,False,0,False,0.2202,False
1986-04,notices,82.0,1.72855,False,2.301482,False,0.479503,False,0.146761,False,0,False,0.3065,False
1986-05,notices,37.0,1.512065,False,2.702248,False,0.537593,False,0.007387,False,0,False,0.2899,False
1986-06,notices,53.0,0.055134,False,0.136569,False,0.431946,False,0.030375,False,0,False,0.1062,False
1986-07,notices,39.0,1.073822,False,1.320186,False,0.442341,False,0.005308,False,0,False,0.1936,False
1986-08,notices,55.0,0.16363,False,0.187227,False,0.429553,False,0.0461,False,0,False,0.1164,False
1986-09,notices,67.0,0.822719,False,0.843851,False,0.417574,False,0.109439,False,0,False,0.1853,False
1986-10,notices,83.0,1.804567,False,1.55633,False,0.421082,False,0.208612,False,0,False,0.2825,False
1986-11,notices,39.0,0.947073,False,0.830438,False,0.517761,False,0.004288,False,0,False,0.1834,False
1986-12,notices,20.0,2.992595,False,2.381559,False,0.565131,False,0.118143,False,0,False,0.3729,False
1987-01,notices,26.0,1.441851,False,1.607837,False,0.492762,False,0.04425,False,0,False,0.2416,False
1987-02,notices,39.0,0.399279,False,0.513796,False,0.455219,False,0.006089,False,0,False,0.1348,False
1987-03,notices,35.0,0.570704,False,0.339986,False,0.426849,False,0.017717,False,0,False,0.1318,False
1987-04,notices,40.0,0.220998,False,0.052504,False,0.418763,False,0.019536,False,0,False,0.104,False
1987-05,notices,56.0,0.774004,False,1.176195,False,0.437952,False,0.036333,False,0,False,0.1823,False
1987-06,notices,54.0,0.580335,False,0.67487,False,0.421627,False,0.035446,False,0,False,0.1497,False
1987-07,notices,48.0,0.277739,False,0.408508,False,0.424464,False,0.051026,False,0,False,0.1306,True
1987-08,notices,50.0,0.337199,False,0.393917,False,0.417643,False,0.067106,False,0,False,0.1353,True
1987-09,notices,116.0,2.507777,False,3.028621,True,0.54688,False,0.132434,False,1,False,0.3796,True
1987-10,notices,127.0,2.181118,False,3.310459,True,0.476025,False,0.122777,False,1,False,0.3604,True
1987-11,notices,58.0,0.39183,False,0.872306,False,0.535854,False,0.119185,False,0,False,0.1958,True
1987-12,notices,179.0,2.447161,False,4.057726,True,0.615896,True,0.137005,False,2,True,0.4355,True
1988-01,notices,123.0,1.297762,False,2.118993,False,0.48644,False,0.036823,False,0,False,0.2536,True
1988-02,notices,170.0,1.708666,False,2.300249,False,0.500942,False,0.048872,False,0,False,0.2845,True
1988-03,notices,166.0,1.359357,False,1.713711,False,0.483435,False,0.025161,False,0,False,0.2356,True
1988-04,notices,215.0,1.615089,False,1.394524,False,0.47216,False,0.057063,False,0,False,0.239,True
1988-05,notices,271.0,1.766632,False,1.113776,False,0.44389,False,0.122078,False,0,False,0.2447,False
1988-06,notices,258.0,1.360568,False,1.084365,False,0.435769,False,0.110097,False,0,False,0.2217,False
1988-07,notices,220.0,0.892054,False,0.908461,False,0.422133,False,0.078586,False,0,False,0.1838,False
1988-08,notices,276.0,1.189469,False,1.13252,False,0.414825,False,0.179457,False,0,False,0.2303,False
1988-09,notices,275.0,1.099727,False,0.920853,False,0.406448,False,0.207162,False,0,False,0.2233,False
1988-10,notices,327.0,1.309649,False,1.154449,False,0.415607,False,0.337989,False,0,False,0.2778,True
1988-11,notices,240.0,0.443662,False,0.280996,False,0.422973,False,0.209464,False,0,False,0.1733,True
1988-12,notices,67.0,4.233899,True,4.581254,True,0.6486,True,0.0772,False,3,True,0.523,True
1989-01,notices,30.0,4.318284,True,7.568024,True,0.661796,True,0.439166,False,3,True,0.683,True
1989-02,notices,33.0,2.424514,False,7.213735,True,0.628737,True,0.344396,False,2,True,0.5724,True
1989-03,notices,58.0,1.163803,False,5.117462,True,0.60375,True,0.074487,False,2,True,0.4073,True
1989-04,notices,66.0,0.862954,False,4.637154,True,0.548379,False,0.046507,False,1,False,0.3559,True
1989-05,notices,103.0,0.254138,False,2.019128,False,0.508716,False,0.010223,False,0,False,0.2037,True
1989-06,notices,78.0,0.484793,False,0.641768,False,0.460198,False,0.036274,False,0,False,0.1526,True
1989-07,notices,364.0,1.406962,False,1.004093,False,0.656166,True,0.479581,True,2,True,0.3629,True
1989-08,notices,253.0,0.885268,False,0.705507,False,0.511,False,0.217557,False,0,False,0.2299,True
1989-09,notices,145.0,0.282886,False,0.327039,False,0.501965,False,0.030293,False,0,False,0.1382,True
1989-10,notices,113.0,0.068382,False,0.213189,False,0.42468,False,0.023371,False,0,False,0.1066,True
1989-11,notices,81.0,0.235679,False,0.149093,False,0.426157,False,0.102525,False,0,False,0.1319,True
1989-12,notices,98.0,0.130039,False,0.423521,False,0.40885,False,0.068952,False,0,False,0.1265,True
1990-01,notices,195.0,1.030636,False,1.448831,False,0.50593,False,0.022099,False,0,False,0.2148,True
1990-02,notices,344.0,1.748046,False,2.109496,False,0.541549,False,0.146441,False,0,False,0.3122,True
1990-03,notices,162.0,0.341134,False,0.672286,False,0.536432,False,0.015979,False,0,False,0.1585,True
1990-04,notices,259.0,1.035987,False,1.082159,False,0.455696,False,0.022335,False,0,False,0.1893,True
1990-05,notices,286.0,1.068351,False,0.887308,False,0.421513,False,0.027509,False,0,False,0.1768,True
1990-06,notices,228.0,0.493364,False,0.361796,False,0.420025,False,0.002703,False,0,False,0.1241,True
1990-07,notices,305.0,0.958595,False,0.733107,False,0.421126,False,0.024508,False,0,False,0.1649,True
1990-08,notices,265.0,0.731981,False,0.457482,False,0.40592,False,0.006642,False,0,False,0.1361,True
1990-09,notices,271.0,0.766352,False,0.502296,False,0.394145,False,0.010175,False,0,False,0.1379,False
1990-10,notices,336.0,1.099328,False,0.977189,False,0.406962,False,0.045499,False,0,False,0.1835,False
1990-11,notices,254.0,0.338726,False,0.104136,False,0.417905,False,0.020962,False,0,False,0.1113,False
1990-12,notices,472.0,1.938478,False,2.729377,False,0.476049,False,0.194046,False,0,False,0.3447,False
1991-01,notices,507.0,2.260695,False,2.956029,False,0.427705,False,0.272109,False,0,False,0.3778,True
1991-02,notices,402.0,1.014765,False,1.771477,False,0.432027,False,0.207728,False,0,False,0.2607,True
1991-03,notices,178.0,1.622073,False,2.15661,False,0.547195,False,0.039785,False,0,False,0.2822,True
1991-04,notices,156.0,2.168594,False,2.792725,False,0.459569,False,0.037474,False,0,False,0.3125,True
1991-05,notices,112.0,2.656282,False,3.167741,True,0.492217,False,0.051232,False,1,False,0.3589,True
1991-06,notices,152.0,1.251677,False,1.210898,False,0.475458,False,0.041211,False,0,False,0.2127,True
1991-07,notices,99.0,2.01075,False,1.648941,False,0.507501,False,0.038984,False,0,False,0.2687,True
1991-08,notices,111.0,1.372333,False,1.209918,False,0.478607,False,0.024901,False,0,False,0.2141,True
1991-09,notices,100.0,1.335776,False,0.92985,False,0.461677,False,0.020744,False,0,False,0.1963,True
1991-10,notices,117.0,0.87058,False,0.511786,False,0.434155,False,0.026783,False,0,False,0.1553,True
1991-11,notices,86.0,1.235328,False,1.035288,False,0.456951,False,0.012411,False,0,False,0.1933,False
1991-12,notices,90.0,0.971768,False,0.919941,False,0.434051,False,0.00708,False,0,False,0.1714,False
1992-01,notices,94.0,0.770331,False,0.507201,False,0.412977,False,0.008202,False,0,False,0.1417,False
1992-02,notices,86.0,0.907744,False,0.910025,False,0.411735,False,0.004036,False,0,False,0.1628,False
1992-03,notices,72.0,1.787757,False,1.890834,False,0.434975,False,0.005885,False,0,False,0.2457,False
1992-04,notices,133.0,1.090896,False,1.482048,False,0.467547,False,0.099975,False,0,False,0.231,False
1992-05,notices,91.0,0.567173,False,0.455974,False,0.426038,False,0.018379,False,0,False,0.1365,False
1992-06,notices,82.0,0.986523,False,0.954189,False,0.409176,False,0.012966,False,0,False,0.1698,False
1992-07,notices,103.0,0.452344,False,0.962867,False,0.406361,False,0.062433,False,0,False,0.1602,False
1992-08,notices,87.0,0.572233,False,0.444249,False,0.414286,False,0.037692,False,0,False,0.1388,False
1992-09,notices,88.0,0.395034,False,0.252462,False,0.40154,False,0.048412,False,0,False,0.1235,False
1992-10,notices,73.0,1.473998,False,3.004644,True,0.419638,False,0.021501,False,1,False,0.2799,False
1992-11,notices,67.0,1.800928,False,3.457725,True,0.420656,False,0.013547,False,1,False,0.3106,False
1992-12,notices,65.0,1.650102,False,2.935887,False,0.423095,False,0.010617,False,0,False,0.2823,False
1993-01,notices,58.0,1.930491,False,2.132513,False,0.442773,False,0.006325,False,0,False,0.2635,False
1993-02,notices,34.0,3.915533,True,4.149571,True,0.531147,False,0.10502,False,2,True,0.4745,False
1993-03,notices,72.0,0.148157,False,0.3169,False,0.493374,False,0.017777,False,0,False,0.1271,False
1993-04,notices,46.0,1.478113,False,2.290939,False,0.475809,False,0.044201,False,0,False,0.268,False
1993-05,notices,35.0,2.174455,False,2.611835,False,0.486718,False,0.146373,False,0,False,0.3394,False
1993-06,notices,40.0,1.316236,False,1.835862,False,0.467437,False,0.124213,False,0,False,0.2615,True
1993-07,notices,58.0,0.102926,False,0.308689,False,0.442038,False,0.047347,False,0,False,0.1219,True
1993-08,notices,287.0,4.865079,True,4.504476,True,0.6694,True,0.491615,True,4,True,0.6588,True
1993-09,notices,202.0,2.053064,False,3.478556,True,0.529931,False,0.212947,False,1,False,0.3969,True
1993-10,notices,189.0,1.567881,False,3.284245,True,0.498671,False,0.146604,False,1,False,0.3447,True
1993-11,notices,155.0,1.039887,False,1.74149,False,0.479612,False,0.058342,False,0,False,0.2314,True
1993-12,notices,126.0,0.62652,False,0.978951,False,0.455642,False,0.014118,False,0,False,0.1658,True
1994-01,notices,125.0,0.535666,False,0.708949,False,0.438492,False,0.008505,False,0,False,0.1457,True
1994-02,notices,125.0,0.451557,False,0.263311,False,0.409234,False,0.005365,False,0,False,0.1167,True
1994-03,notices,157.0,0.662306,False,0.298061,False,0.409148,False,0.014526,False,0,False,0.1293,False
1994-04,notices,103.0,0.038028,False,0.30101,False,0.439349,False,0.027969,False,0,False,0.1132,True
1994-05,notices,148.0,0.414852,False,0.351232,False,0.428331,False,0.00223,False,0,False,0.122,True
1994-06,notices,169.0,0.526529,False,0.682159,False,0.403292,False,0.006303,False,0,False,0.1363,True
1994-07,notices,148.0,0.072525,False,0.081171,False,0.409487,False,0.002935,False,0,False,0.0927,True
1994-08,notices,207.0,1.058203,False,1.120694,False,0.424944,False,0.021078,False,0,False,0.1851,True
1994-09,notices,287.0,2.999503,False,2.292915,False,0.437847,False,0.089763,False,0,False,0.3355,True
1994-10,notices,200.0,0.915787,False,0.997283,False,0.437529,False,0.0081,False,0,False,0.1733,True
1994-11,notices,244.0,1.604168,False,1.710635,False,0.41272,False,0.027911,False,0,False,0.2317,True
1994-12,notices,157.0,0.115144,False,0.10034,False,0.445339,False,0.018533,False,0,False,0.1069,True
1995-01,notices,141.0,0.546603,False,0.318074,False,0.406434,False,0.047957,False,0,False,0.1335,True
1995-02,notices,172.0,0.097273,False,0.366988,False,0.406169,False,0.024755,False,0,False,0.1107,True
1995-03,notices,302.0,2.084078,False,3.467558,True,0.470493,False,0.024792,False,1,False,0.3361,True
1995-04,notices,281.0,1.396097,False,1.928263,False,0.417167,False,0.01325,False,0,False,0.2291,True
1995-05,notices,288.0,1.347841,False,1.315131,False,0.406626,False,0.018447,False,0,False,0.2007,True
1995-06,notices,306.0,1.34777,False,0.953087,False,0.407221,False,0.028211,False,0,False,0.1883,True
1995-07,notices,330.0,1.383165,False,1.005337,False,0.409232,False,0.041547,False,0,False,0.1959,True
1995-08,notices,413.0,1.955474,False,1.58779,False,0.416646,False,0.044909,False,0,False,0.2464,True
1995-09,notices,419.0,1.591882,False,1.737842,False,0.404945,False,0.071329,False,0,False,0.242,True
1995-10,notices,420.0,1.3709,False,1.039019,False,0.404759,False,0.121172,False,0,False,0.2167,True
1995-11,notices,374.0,0.838885,False,0.608937,False,0.401976,False,0.253971,False,0,False,0.2107,True
1995-12,notices,266.0,0.153162,False,0.350609,False,0.42136,False,0.645102,True,1,False,0.2776,True
1996-01,notices,2343.0,6.071918,True,8.084596,True,0.722214,True,0.136312,False,3,True,0.6865,True
1996-02,notices,2893.0,3.249585,True,8.743851,True,0.624903,True,0.122031,False,3,True,0.5479,True
1996-03,notices,2962.0,2.253901,False,8.106482,True,0.616074,True,0.070074,False,2,True,0.491,True
1996-04,notices,3181.0,1.797564,False,5.026915,True,0.615371,True,0.049554,False,2,True,0.4259,True
1996-05,notices,2755.0,1.313271,False,3.779498,True,0.591687,False,0.008608,False,1,False,0.3381,True
1996-06,notices,2518.0,1.018939,False,3.135514,True,0.577568,False,0.001981,False,1,False,0.2943,False
1996-07,notices,2974.0,1.018388,False,0.741705,False,0.502842,False,0.001946,False,0,False,0.1789,False
1996-08,notices,3332.0,0.971351,False,0.903104,False,0.405993,False,0.008135,False,0,False,0.1651,False
1996-09,notices,3417.0,0.846146,False,1.132012,False,0.403464,False,0.009913,False,0,False,0.1693,False
1996-10,notices,3289.0,0.671994,False,0.722768,False,0.400734,False,0.006462,False,0,False,0.1435,False
1996-11,notices,3717.0,0.687197,False,1.309736,False,0.416404,False,0.022949,False,0,False,0.1762,False
1996-12,notices,3084.0,0.31816,False,0.236841,False,0.406523,False,0.002636,False,0,False,0.1088,False
1997-01,notices,2843.0,0.452315,False,0.481285,False,0.385417,False,0.000174,False,0,False,0.1195,False
1997-02,notices,2866.0,0.632451,False,0.51054,False,0.379955,False,0.000293,False,0,False,0.1271,False
1997-03,notices,3463.0,1.155505,False,1.241096,False,0.411314,False,0.014416,False,0,False,0.1896,False
1997-04,notices,2971.0,0.388225,False,0.405154,False,0.401409,False,0.0014,False,0,False,0.1173,False
1997-05,notices,2946.0,0.411693,False,0.210303,False,0.385298,False,0.001222,False,0,False,0.1067,False
1997-06,notices,2355.0,2.569891,False,2.328446,False,0.411704,False,0.009206,False,0,False,0.2925,False
1997-07,notices,2851.0,0.656638,False,0.559117,False,0.39428,False,0.000413,False,0,False,0.1332,False
1997-08,notices,3345.0,0.693815,False,0.924833,False,0.403092,False,0.010169,False,0,False,0.1543,False
1997-09,notices,4071.0,2.299314,False,2.743158,False,0.450144,False,0.04392,False,0,False,0.3156,False
1997-10,notices,3830.0,1.421063,False,2.178246,False,0.432963,False,0.031245,False,0,False,0.2486,False
1997-11,notices,3429.0,0.525191,False,1.034568,False,0.415228,False,0.014316,False,0,False,0.1555,False
1997-12,notices,2423.0,1.730985,False,1.846348,False,0.427239,False,0.005388,False,0,False,0.2397,False
1998-01,notices,2683.0,0.817862,False,0.487626,False,0.389206,False,0.000353,False,0,False,0.1358,False
1998-02,notices,2864.0,0.391055,False,0.161918,False,0.382204,False,0.001475,False,0,False,0.1033,False
1998-03,notices,3361.0,0.547372,False,0.636437,False,0.405123,False,0.017425,False,0,False,0.1385,False
1998-04,notices,2739.0,0.644279,False,0.415331,False,0.399493,False,0.000812,False,0,False,0.1278,False
1998-05,notices,2699.0,0.679964,False,0.345207,False,0.379804,False,0.000754,False,0,False,0.1223,False
1998-06,notices,2806.0,0.403464,False,0.076703,False,0.378444,False,0.002835,False,0,False,0.0998,False
1998-07,notices,2809.0,0.528602,False,0.104699,False,0.375469,False,0.003573,False,0,False,0.1058,False
1998-08,notices,2588.0,1.031874,False,0.580089,False,0.380231,False,0.00046,False,0,False,0.1467,False
1998-09,notices,2928.0,0.122153,False,0.447213,False,0.383919,False,0.008584,False,0,False,0.1062,False
1998-10,notices,2498.0,1.153767,False,1.803172,False,0.388388,False,0.000175,False,0,False,0.2044,False
1998-11,notices,2950.0,0.483071,False,0.959119,False,0.386544,False,0.010507,False,0,False,0.1436,False
1998-12,notices,2292.0,2.205954,False,2.93703,False,0.405026,False,0.002017,False,0,False,0.2995,False
1999-01,notices,2019.0,3.288735,True,4.894864,True,0.401396,False,0.013311,False,2,True,0.4283,False
1999-02,notices,1920.0,2.58445,False,4.243802,True,0.399419,False,0.021901,False,1,False,0.3737,False
1999-03,notices,2885.0,0.636584,False,0.513838,False,0.4211,False,0.007188,False,0,False,0.1378,False
1999-04,notices,2550.0,0.056826,False,0.648795,False,0.380518,False,0.001035,False,0,False,0.1092,False
1999-05,notices,3033.0,1.199041,False,1.249878,False,0.39048,False,0.009517,False,0,False,0.1861,False
1999-06,notices,2800.0,0.541584,False,0.32527,False,0.379042,False,0.002689,False,0,False,0.116,False
1999-07,notices,3260.0,1.553811,False,1.626272,False,0.393458,False,0.017459,False,0,False,0.2193,False
1999-08,notices,3500.0,1.786654,False,2.016438,False,0.408412,False,0.030988,False,0,False,0.2519,False
1999-09,notices,4581.0,2.91473,False,2.710629,False,0.494806,False,0.113136,False,0,False,0.3674,True
1999-10,notices,3129.0,0.490691,False,0.48714,False,0.44825,False,0.020767,False,0,False,0.1398,True
1999-11,notices,2350.0,0.779262,False,1.187625,False,0.413035,False,0.002274,False,0,False,0.1689,True
1999-12,notices,1867.0,1.621904,False,1.731996,False,0.424501,False,0.014003,False,0,False,0.2321,True
2000-01,notices,1731.0,1.714319,False,2.043716,False,0.429272,False,0.019171,False,0,False,0.2513,True
2000-02,notices,2248.0,0.639854,False,0.966609,False,0.414547,False,0.001506,False,0,False,0.154,True
2000-03,notices,2330.0,0.588839,False,0.818948,False,0.386849,False,0.004307,False,0,False,0.1406,True
2000-04,notices,1917.0,1.227499,False,1.354803,False,0.401057,False,0.001501,False,0,False,0.1918,True
2000-05,notices,1461.0,2.007437,False,1.732064,False,0.44134,False,0.031478,False,0,False,0.2563,True
2000-06,notices,1838.0,0.887994,False,0.630803,False,0.39529,False,0.001842,False,0,False,0.1464,True
2000-07,notices,2122.0,0.34145,False,0.204557,False,0.379794,False,0.002211,False,0,False,0.1027,True
2000-08,notices,2633.0,0.416462,False,0.765539,False,0.382175,False,0.029156,False,0,False,0.1367,True
2000-09,notices,2189.0,0.08385,False,0.009194,False,0.383075,False,0.005292,False,0,False,0.0853,True
2000-10,notices,2312.0,0.450096,False,0.363296,False,0.369209,False,0.011738,False,0,False,0.1141,True
2000-11,notices,2003.0,0.167172,False,0.485246,False,0.372214,False,0.001507,False,0,False,0.1054,True
2000-12,notices,1503.0,1.90326,False,1.994279,False,0.409472,False,0.015986,False,0,False,0.2521,True
2001-01,notices,1445.0,1.794632,False,2.089592,False,0.396622,False,0.022232,False,0,False,0.2505,True
2001-02,notices,1374.0,1.79659,False,2.385828,False,0.402057,False,0.034071,False,0,False,0.2672,True
2001-03,notices,1889.0,0.006918,False,0.146051,False,0.384087,False,0.002252,False,0,False,0.0872,True
2001-04,notices,1916.0,0.15925,False,0.027545,False,0.358287,False,0.002992,False,0,False,0.0834,True
2001-05,notices,1879.0,0.065898,False,0.049909,False,0.360321,False,0.005203,False,0,False,0.0815,False
2001-06,notices,2032.0,0.365292,False,0.35616,False,0.365912,False,0.00336,False,0,False,0.1074,False
2001-07,notices,2504.0,1.390633,False,1.73429,False,0.382658,False,0.007939,False,0,False,0.2122,False
2001-08,notices,2879.0,1.902654,False,1.877187,False,0.409382,False,0.019725,False,0,False,0.2482,False
2001-09,notices,2377.0,0.893193,False,0.942964,False,0.396393,False,0.001372,False,0,False,0.1597,False
2001-10,notices,2610.0,1.254564,False,1.077901,False,0.385499,False,0.003286,False,0,False,0.1786,False
2001-11,notices,2643.0,1.20998,False,0.920574,False,0.383811,False,0.002784,False,0,False,0.1697,False
2001-12,notices,2669.0,1.089077,False,0.798347,False,0.383682,False,0.002598,False,0,False,0.1595,False
2002-01,notices,2220.0,0.172262,False,0.041369,False,0.382236,False,0.006771,False,0,False,0.0905,False
2002-02,notices,2141.0,0.142142,False,0.327175,False,0.372645,False,0.012181,False,0,False,0.1006,False
2002-03,notices,2819.0,1.37885,False,1.030733,False,0.396767,False,0.003058,False,0,False,0.1841,False
2002-04,notices,2930.0,1.433784,False,1.098266,False,0.382031,False,0.004316,False,0,False,0.1865,False
2002-05,notices,3206.0,1.855589,False,1.410155,False,0.393274,False,0.011977,False,0,False,0.2214,False
2002-06,notices,3131.0,1.45794,False,1.237169,False,0.391569,False,0.01006,False,0,False,0.1967,False
2002-07,notices,3585.0,2.359179,False,2.262699,False,0.41383,False,0.033083,False,0,False,0.2877,False
2002-08,notices,3591.0,1.789691,False,1.832885,False,0.414852,False,0.039438,False,0,False,0.2479,False
2002-09,notices,3600.0,1.497705,False,1.331263,False,0.414695,False,0.049422,False,0,False,0.2174,False
2002-10,notices,4183.0,2.095144,False,2.461805,False,0.463544,False,0.109267,False,0,False,0.3153,False
2002-11,notices,3404.0,0.617072,False,0.516749,False,0.429188,False,0.063388,False,0,False,0.1535,False
2002-12,notices,1799.0,2.648279,False,3.068478,True,0.50162,False,0.013544,False,1,False,0.3466,False
2003-01,notices,1223.0,3.517283,True,5.160862,True,0.499254,False,0.075654,False,2,True,0.4857,False
2003-02,notices,1266.0,2.272743,False,4.973511,True,0.474754,False,0.05188,False,1,False,0.4147,False
2003-03,notices,1251.0,1.846632,False,5.038133,True,0.476575,False,0.046637,False,1,False,0.3986,False
2003-04,notices,1452.0,1.173028,False,4.160482,True,0.462999,False,0.015514,False,1,False,0.323,False
2003-05,notices,1706.0,0.674958,False,2.058948,False,0.44707,False,0.001472,False,0,False,0.2077,False
2003-06,notices,1793.0,0.469135,False,0.455308,False,0.384992,False,0.000837,False,0,False,0.1192,False
2003-07,notices,1728.0,0.456542,False,0.069805,False,0.360378,False,0.002324,False,0,False,0.0978,False
2003-08,notices,1891.0,0.1542,False,0.144094,False,0.361707,False,0.001375,False,0,False,0.0884,False
2003-09,notices,2697.0,0.790211,False,1.102643,False,0.435293,False,0.038973,False,0,False,0.18,False
2003-10,notices,3114.0,1.27811,False,1.474145,False,0.438602,False,0.07145,False,0,False,0.225,False
2003-11,notices,1347.0,0.889002,False,0.691354,False,0.519972,False,0.044938,False,0,False,0.1862,False
2003-12,notices,1785.0,0.169815,False,0.127768,False,0.375048,False,0.003952,False,0,False,0.0918,False
2004-01,notices,1712.0,0.031078,False,0.009521,False,0.359962,False,0.007842,False,0,False,0.079,False
2004-02,notices,1832.0,0.176169,False,0.322205,False,0.361145,False,0.003625,False,0,False,0.0972,False
2004-03,notices,2196.0,0.770479,False,2.595592,False,0.382379,False,0.00294,False,0,False,0.2209,False
2004-04,notices,1940.0,0.120316,False,1.061776,False,0.366786,False,0.001957,False,0,False,0.1264,False
2004-05,notices,2140.0,0.461135,False,1.907867,False,0.376764,False,0.001006,False,0,False,0.1777,False
2004-06,notices,2312.0,0.730201,False,1.852834,False,0.377185,False,0.003303,False,0,False,0.1873,False
2004-07,notices,2533.0,1.036963,False,1.689745,False,0.383,False,0.009963,False,0,False,0.1962,False
2004-08,notices,2767.0,1.269493,False,1.595769,False,0.391865,False,0.020894,False,0,False,0.2067,False
2004-09,notices,2358.0,0.401678,False,0.312838,False,0.3822,False,0.003074,False,0,False,0.1104,False
2004-10,notices,1382.0,1.85945,False,1.874425,False,0.458922,False,0.063835,False,0,False,0.2682,False
2004-11,notices,2478.0,0.994346,False,0.948313,False,0.452303,False,0.005943,False,0,False,0.177,False
2004-12,notices,2386.0,0.685684,False,0.44699,False,0.370365,False,0.003006,False,0,False,0.1254,False
2005-01,notices,1708.0,1.141955,False,1.762062,False,0.408986,False,0.024935,False,0,False,0.213,False
2005-02,notices,1958.0,0.440118,False,0.893278,False,0.37459,False,0.009351,False,0,False,0.1363,False
2005-03,notices,2615.0,1.033173,False,0.946939,False,0.39459,False,0.005734,False,0,False,0.1665,False
2005-04,notices,2618.0,0.922797,False,0.770182,False,0.36962,False,0.004193,False,0,False,0.1489,False
2005-05,notices,2661.0,0.866385,False,0.79043,False,0.371096,False,0.003812,False,0,False,0.1476,False
2005-06,notices,2634.0,0.707213,False,0.73584,False,0.370641,False,0.00241,False,0,False,0.1382,False
2005-07,notices,2887.0,1.072888,False,1.733352,False,0.381702,False,0.008927,False,0,False,0.199,False
2005-08,notices,3156.0,1.384304,False,2.052353,False,0.393922,False,0.021932,False,0,False,0.2312,False
2005-09,notices,3064.0,1.137616,False,1.769879,False,0.388777,False,0.020595,False,0,False,0.2078,False
2005-10,notices,3045.0,0.966702,False,1.073424,False,0.387915,False,0.024518,False,0,False,0.1725,False
2005-11,notices,3409.0,1.562989,False,1.847001,False,0.404039,False,0.056187,False,0,False,0.2412,False
2005-12,notices,2279.0,0.724096,False,0.828962,False,0.437864,False,0.003283,False,0,False,0.1571,False
2006-01,notices,1432.0,2.998591,False,2.89844,False,0.466429,False,0.046788,False,0,False,0.3554,False
2006-02,notices,2125.0,0.819612,False,1.036835,False,0.427464,False,0.00183,False,0,False,0.1672,False
2006-03,notices,2027.0,1.080179,False,1.259525,False,0.386458,False,0.000884,False,0,False,0.1785,False
2006-04,notices,1563.0,2.016939,False,2.401873,False,0.437876,False,0.016166,False,0,False,0.2798,False
2006-05,notices,942.0,3.40216,True,4.281717,True,0.510933,False,0.16684,False,2,True,0.4705,False
2006-06,notices,1574.0,0.903453,False,1.353644,False,0.473594,False,0.016717,False,0,False,0.1974,False
2006-07,notices,1992.0,0.184755,False,0.201742,False,0.382889,False,0.001525,False,0,False,0.0965,False
2006-08,notices,3005.0,0.951174,False,0.762672,False,0.447921,False,0.048199,False,0,False,0.1776,False
2006-09,notices,2635.0,0.629972,False,0.492651,False,0.39094,False,0.018328,False,0,False,0.1333,False
2006-10,notices,2779.0,0.827179,False,0.703103,False,0.386403,False,0.02422,False,0,False,0.1508,False
2006-11,notices,2607.0,0.690545,False,0.549222,False,0.381883,False,0.013282,False,0,False,0.1349,False
2006-12,notices,2209.0,0.320136,False,0.163304,False,0.381034,False,0.000675,False,0,False,0.0999,False
2007-01,notices,1764.0,0.34401,False,0.425648,False,0.38587,False,0.010777,False,0,False,0.1155,False
2007-02,notices,1727.0,0.478264,False,0.531151,False,0.370606,False,0.013533,False,0,False,0.123,False
2007-03,notices,2248.0,0.393679,False,0.305465,False,0.383119,False,0.001356,False,0,False,0.1095,False
2007-04,notices,2383.0,0.543814,False,0.386223,False,0.371674,False,0.004394,False,0,False,0.1176,False
2007-05,notices,1790.0,0.451462,False,0.760909,False,0.395115,False,0.011572,False,0,False,0.1361,False
2007-06,notices,1742.0,1.064464,False,0.859136,False,0.381245,False,0.016686,False,0,False,0.1642,False
2007-07,notices,1905.0,0.72426,False,0.547071,False,0.373907,False,0.008263,False,0,False,0.1333,False
2007-08,notices,2839.0,1.286579,False,0.844849,False,0.418605,False,0.017994,False,0,False,0.181,False
2007-09,notices,2574.0,0.855163,False,0.502981,False,0.376301,False,0.004866,False,0,False,0.1365,False
2007-10,notices,3513.0,2.497488,False,1.633146,False,0.457252,False,0.053484,False,0,False,0.2816,False
2007-11,notices,3060.0,1.411501,False,1.137815,False,0.419097,False,0.022426,False,0,False,0.1997,False
2007-12,notices,2166.0,0.157054,False,0.084639,False,0.419138,False,0.002602,False,0,False,0.0983,False
2008-01,notices,1807.0,0.898728,False,0.622274,False,0.380454,False,0.022382,False,0,False,0.1487,False
2008-02,notices,2069.0,0.350745,False,0.212377,False,0.376929,False,0.005849,False,0,False,0.1038,False
2008-03,notices,2419.0,0.251156,False,0.350383,False,0.372374,False,0.000548,False,0,False,0.103,False
2008-04,notices,2804.0,0.872414,False,0.711493,False,0.382128,False,0.009318,False,0,False,0.1483,False
2008-05,notices,2514.0,0.323362,False,0.302389,False,0.375063,False,0.001581,False,0,False,0.1049,False
2008-06,notices,2668.0,0.486449,False,0.335621,False,0.372692,False,0.005765,False,0,False,0.1136,False
2008-07,notices,2621.0,0.272806,False,0.149014,False,0.371438,False,0.005408,False,0,False,0.0966,False
2008-08,notices,2652.0,0.217872,False,0.169606,False,0.370158,False,0.007942,False,0,False,0.0956,False
2008-09,notices,2887.0,0.735681,False,0.965531,False,0.380887,False,0.021415,False,0,False,0.1561,False
2008-10,notices,3167.0,1.180695,False,1.398472,False,0.391784,False,0.044691,False,0,False,0.201,True
2008-11,notices,2703.0,0.37947,False,0.190129,False,0.384217,False,0.020432,False,0,False,0.1094,True
2008-12,notices,1952.0,1.615965,False,2.745451,False,0.417669,False,0.002026,False,0,False,0.2695,True
2009-01,notices,957.0,5.705303,True,9.256101,True,0.536071,False,0.166878,False,2,True,0.6433,True
2009-02,notices,1334.0,1.817439,False,6.222448,True,0.465955,False,0.044613,False,1,False,0.4348,True
2009-03,notices,2287.0,0.011754,False,1.298776,False,0.440082,False,0.01002,False,0,False,0.1492,True
2009-04,notices,1894.0,0.507994,False,2.927747,False,0.402165,False,0.00023,False,0,False,0.2273,True
2009-05,notices,2031.0,0.220227,False,1.356008,False,0.389441,False,0.001734,False,0,False,0.1475,True
2009-06,notices,2297.0,0.182821,False,0.244701,False,0.375168,False,0.013083,False,0,False,0.0996,True
2009-07,notices,1901.0,0.330027,False,0.775159,False,0.38018,False,0.000441,False,0,False,0.1256,True
2009-08,notices,2193.0,0.167726,False,0.069673,False,0.373555,False,0.010916,False,0,False,0.0908,True
2009-09,notices,2210.0,0.243527,False,0.292297,False,0.368118,False,0.014407,False,0,False,0.103,True
2009-10,notices,1958.0,0.059779,False,0.534512,False,0.368176,False,0.004684,False,0,False,0.1029,True
2009-11,notices,1871.0,0.08704,False,0.434771,False,0.362361,False,0.003426,False,0,False,0.0984,True
2009-12,notices,1546.0,0.725092,False,1.993953,False,0.383513,False,0.002202,False,0,False,0.194,True
2010-01,notices,786.0,3.250557,True,4.589096,True,0.523028,False,0.169328,False,2,True,0.4802,True
2010-02,notices,1445.0,0.706974,False,1.477191,False,0.449575,False,0.004903,False,0,False,0.1862,True
2010-03,notices,2589.0,1.205364,False,1.503139,False,0.459471,False,0.067159,False,0,False,0.2264,True
2010-04,notices,1238.0,1.249948,False,2.267357,False,0.506685,False,0.025893,False,0,False,0.2592,True
2010-05,notices,1295.0,0.93322,False,1.733095,False,0.406093,False,0.020141,False,0,False,0.2012,True
2010-06,notices,1819.0,0.208455,False,0.123133,False,0.385888,False,0.003118,False,0,False,0.0953,True
2010-07,notices,1642.0,0.039226,False,0.439691,False,0.368417,False,0.001628,False,0,False,0.0974,True
2010-08,notices,1859.0,0.384539,False,0.235863,False,0.362253,False,0.002239,False,0,False,0.1021,True
2010-09,notices,2403.0,1.265704,False,1.46357,False,0.402507,False,0.030925,False,0,False,0.2059,True
2010-10,notices,2126.0,0.827549,False,0.919752,False,0.388587,False,0.011213,False,0,False,0.1569,True
2010-11,notices,2028.0,0.648148,False,0.558801,False,0.369572,False,0.007117,False,0,False,0.1294,True
2010-12,notices,1488.0,0.321901,False,0.522882,False,0.396492,False,0.007638,False,0,False,0.12,True
2011-01,notices,1031.0,1.424877,False,1.804703,False,0.433994,False,0.081531,False,0,False,0.2466,True
2011-02,notices,1783.0,0.199108,False,0.108988,False,0.421786,False,0.000829,False,0,False,0.1012,True
2011-03,notices,2023.0,0.59672,False,0.439659,False,0.369301,False,0.009303,False,0,False,0.1228,True
2011-04,notices,1907.0,0.503498,False,0.27121,False,0.361498,False,0.004516,False,0,False,0.109,True
2011-05,notices,1707.0,0.089692,False,0.475524,False,0.368749,False,0.000158,False,0,False,0.1006,True
2011-06,notices,1715.0,0.183748,False,0.486753,False,0.362714,False,0.000489,False,0,False,0.1039,True
2011-07,notices,1668.0,0.290753,False,0.565951,False,0.365211,False,0.000255,False,0,False,0.1121,True
2011-08,notices,1498.0,0.802097,False,1.363548,False,0.372124,False,0.00201,False,0,False,0.1685,True
2011-09,notices,1884.0,0.350398,False,0.342123,False,0.368262,False,0.008691,False,0,False,0.1081,True
2011-10,notices,1755.0,0.131435,False,0.020976,False,0.363312,False,0.003782,False,0,False,0.0833,False
2011-11,notices,1796.0,0.352554,False,0.263793,False,0.360627,False,0.006739,False,0,False,0.1028,False
2011-12,notices,1285.0,1.478575,False,3.325447,True,0.402033,False,0.010764,False,1,False,0.287,False
2012-01,notices,851.0,3.49156,True,7.890749,True,0.457346,False,0.108485,False,2,True,0.5194,False
2012-02,notices,1160.0,1.422979,False,4.459164,True,0.434764,False,0.025226,False,1,False,0.3425,False
2012-03,notices,1997.0,0.976237,False,1.018254,False,0.426204,False,0.0217,False,0,False,0.1778,False
2012-04,notices,1735.0,0.422218,False,0.09178,False,0.367434,False,0.004519,False,0,False,0.0994,False
2012-05,notices,2064.0,1.174417,False,1.747359,False,0.377848,False,0.027618,False,0,False,0.2079,False
2012-06,notices,1767.0,0.450516,False,0.141645,False,0.367919,False,0.00791,False,0,False,0.1036,False
2012-07,notices,1464.0,0.289787,False,1.119448,False,0.383357,False,0.000835,False,0,False,0.139,False
2012-08,notices,1859.0,0.67731,False,0.297002,False,0.36834,False,0.021094,False,0,False,0.1231,False
2012-09,notices,1368.0,0.570082,False,1.762408,False,0.394946,False,0.001776,False,0,False,0.1802,False
2012-10,notices,1655.0,0.259136,False,0.235827,False,0.372094,False,0.013911,False,0,False,0.102,False
2012-11,notices,1496.0,0.111375,False,0.541424,False,0.368131,False,0.006968,False,0,False,0.1059,False
2012-12,notices,1147.0,1.101508,False,1.390607,False,0.401821,False,0.004506,False,0,False,0.189,False
2013-01,notices,695.0,2.939909,False,3.594273,True,0.483331,False,0.107242,False,1,False,0.4013,False
2013-02,notices,711.0,2.396462,False,3.494159,True,0.458365,False,0.09685,False,1,False,0.3665,False
2013-03,notices,1152.0,0.566199,False,1.371475,False,0.435935,False,0.002662,False,0,False,0.1725,False
2013-04,notices,1485.0,0.259986,False,0.011419,False,0.374409,False,0.00924,False,0,False,0.092,False
2013-05,notices,1737.0,0.754222,False,0.535586,False,0.366074,False,0.030476,False,0,False,0.1382,False
2013-06,notices,1676.0,0.727069,False,0.501164,False,0.36292,False,0.022776,False,0,False,0.133,False
2013-07,notices,1257.0,0.131121,False,0.737216,False,0.386162,False,0.00037,False,0,False,0.117,False
2013-08,notices,1319.0,0.055391,False,0.290599,False,0.364668,False,0.00089,False,0,False,0.0908,False
2013-09,notices,1270.0,0.028687,False,0.24287,False,0.359071,False,0.000842,False,0,False,0.0866,False
2013-10,notices,1449.0,0.483235,False,0.539603,False,0.365654,False,0.008438,False,0,False,0.1212,False
2013-11,notices,1515.0,0.686278,False,0.822516,False,0.364279,False,0.015812,False,0,False,0.1431,False
2013-12,notices,1652.0,0.973718,False,1.274705,False,0.371217,False,0.034613,False,0,False,0.1803,False
2014-01,notices,471.0,3.262844,True,5.315709,True,0.627447,True,0.257829,False,3,True,0.5559,False
2014-02,notices,1143.0,0.202994,False,0.939049,False,0.500991,False,0.000467,False,0,False,0.1524,False
2014-03,notices,1208.0,0.180707,False,0.666,False,0.366877,False,0.00091,False,0,False,0.1122,False
2014-04,notices,1194.0,0.226475,False,0.859434,False,0.364657,False,0.000732,False,0,False,0.1216,False
2014-05,notices,1019.0,0.636852,False,1.359841,False,0.382886,False,0.007849,False,0,False,0.1653,False
2014-06,notices,1277.0,0.154863,False,0.060514,False,0.36803,False,0.002167,False,0,False,0.0864,False
2014-07,notices,1060.0,0.35222,False,1.510971,False,0.380456,False,0.007952,False,0,False,0.1592,False
2014-08,notices,1382.0,0.525051,False,0.62599,False,0.375005,False,0.004064,False,0,False,0.1274,False
2014-09,notices,1634.0,1.031921,False,1.408891,False,0.377095,False,0.019625,False,0,False,0.1856,False
2014-10,notices,1684.0,1.017269,False,1.313732,False,0.37649,False,0.022514,False,0,False,0.1817,False
2014-11,notices,1592.0,0.787324,False,0.939678,False,0.372196,False,0.01452,False,0,False,0.1535,False
2014-12,notices,1110.0,0.267941,False,0.425379,False,0.39832,False,0.008715,False,0,False,0.1144,False
2015-01,notices,678.0,1.650461,False,2.907625,False,0.463658,False,0.129324,False,0,False,0.3206,False
2015-02,notices,1031.0,0.65672,False,0.776093,False,0.408465,False,0.018698,False,0,False,0.1499,False
2015-03,notices,1601.0,1.11866,False,1.323624,False,0.411663,False,0.012068,False,0,False,0.1909,False
2015-04,notices,1507.0,0.750118,False,0.721488,False,0.371029,False,0.004416,False,0,False,0.14,False
2015-05,notices,1731.0,1.170678,False,0.907104,False,0.37492,False,0.018033,False,0,False,0.1696,False
2015-06,notices,1401.0,0.229354,False,0.143545,False,0.379191,False,0.000323,False,0,False,0.0949,False
2015-07,notices,1518.0,0.488728,False,0.222749,False,0.360166,False,0.003329,False,0,False,0.1058,False
2015-08,notices,1522.0,0.400814,False,0.050481,False,0.356883,False,0.003601,False,0,False,0.0943,False
2015-09,notices,1327.0,0.131516,False,1.190674,False,0.370754,False,0.000423,False,0,False,0.1327,False
2015-10,notices,1229.0,0.355122,False,1.521823,False,0.370027,False,0.003698,False,0,False,0.1565,False
2015-11,notices,1534.0,0.585325,False,0.388449,False,0.367645,False,0.004852,False,0,False,0.1187,False
2015-12,notices,1481.0,0.466263,False,0.137007,False,0.358622,False,0.003021,False,0,False,0.1009,False
2016-01,notices,724.0,2.431819,False,7.322969,True,0.509882,False,0.126339,False,1,False,0.4909,False
2016-02,notices,1100.0,0.864549,False,3.094532,True,0.425561,False,0.016969,False,1,False,0.2583,False
2016-03,notices,1581.0,0.648163,False,0.572571,False,0.383512,False,0.005925,False,0,False,0.1326,False
2016-04,notices,1635.0,0.799604,False,1.006952,False,0.360314,False,0.007336,False,0,False,0.1525,False
2016-05,notices,1670.0,0.845321,False,0.94123,False,0.360408,False,0.008529,False,0,False,0.152,False
2016-06,notices,1525.0,0.480055,False,0.147941,False,0.361371,False,0.002152,False,0,False,0.1022,False
2016-07,notices,1806.0,1.16343,False,2.071352,False,0.368502,False,0.020344,False,0,False,0.2171,False
2016-08,notices,1696.0,0.795516,False,0.890737,False,0.365225,False,0.014839,False,0,False,0.1505,False
2016-09,notices,1572.0,0.442419,False,0.193381,False,0.36138,False,0.010231,False,0,False,0.1047,False
2016-10,notices,1527.0,0.270387,False,0.18251,False,0.359455,False,0.011256,False,0,False,0.0969,False
2016-11,notices,1364.0,0.24894,False,1.768554,False,0.364865,False,0.004714,False,0,False,0.1615,False
2016-12,notices,884.0,1.943694,False,5.876421,True,0.449791,False,0.03064,False,1,False,0.4278,False
2017-01,notices,505.0,3.50368,True,9.140707,True,0.539252,False,0.227452,False,2,True,0.5681,False
2017-02,notices,1157.0,0.392266,False,2.380908,False,0.494437,False,0.000582,False,0,False,0.219,False
2017-03,notices,1644.0,0.556037,False,0.48357,False,0.38249,False,0.033888,False,0,False,0.1321,False
2017-04,notices,1014.0,0.772612,False,3.456631,True,0.441678,False,0.008608,False,1,False,0.2708,False
2017-05,notices,1411.0,0.234571,False,0.485174,False,0.390938,False,0.00857,False,0,False,0.1139,False
2017-06,notices,1344.0,0.143893,False,0.455527,False,0.359975,False,0.003998,False,0,False,0.1012,False
2017-07,notices,1051.0,0.511119,False,1.066054,False,0.392446,False,0.007846,False,0,False,0.1498,False
2017-08,notices,1158.0,0.120012,False,0.600352,False,0.371406,False,0.002409,False,0,False,0.1083,False
2017-09,notices,1674.0,1.101986,False,1.061842,False,0.398176,False,0.028453,False,0,False,0.1808,False
2017-10,notices,2191.0,1.879143,False,2.033761,False,0.429778,False,0.101676,False,0,False,0.2794,False
2017-11,notices,1276.0,0.140882,False,0.080355,False,0.439681,False,0.002809,False,0,False,0.1018,False
2017-12,notices,933.0,0.689643,False,1.080203,False,0.404666,False,0.019965,False,0,False,0.1635,False
2018-01,notices,540.0,2.202157,False,3.312925,True,0.488879,False,0.190855,False,1,False,0.3818,False
2018-02,notices,1014.0,0.517173,False,0.740283,False,0.440092,False,0.008545,False,0,False,0.1466,False
2018-03,notices,1483.0,0.587991,False,0.739772,False,0.3947,False,0.01614,False,0,False,0.142,False
2018-04,notices,1454.0,0.567871,False,0.666303,False,0.365635,False,0.012521,False,0,False,0.1311,False
2018-05,notices,1375.0,0.321249,False,0.191046,False,0.360441,False,0.006782,False,0,False,0.0984,False
2018-06,notices,1387.0,0.353187,False,0.22509,False,0.359556,False,0.008459,False,0,False,0.1014,False
2018-07,notices,1298.0,0.154717,False,0.074753,False,0.360812,False,0.004314,False,0,False,0.0861,False
2018-08,notices,1462.0,0.449599,False,0.491704,False,0.363941,False,0.01977,False,0,False,0.1204,False
2018-09,notices,1248.0,0.06424,False,0.90859,False,0.370282,False,0.005413,False,0,False,0.1193,False
2018-10,notices,1160.0,0.21077,False,1.089561,False,0.367335,False,0.00331,False,0,False,0.1318,True
2018-11,notices,1217.0,0.104932,False,0.333751,False,0.362327,False,0.008297,False,0,False,0.0962,True
2018-12,notices,939.0,0.790664,False,1.816136,False,0.403641,False,0.004217,False,0,False,0.1941,True
2019-01,notices,370.0,4.066334,True,7.377666,True,0.612525,True,0.315751,False,3,True,0.6299,True
2019-02,notices,979.0,0.398996,False,1.567019,False,0.530008,False,0.001971,False,0,False,0.1932,True
2019-03,notices,1076.0,0.144067,False,1.002847,False,0.373055,False,0.002918,False,0,False,0.1265,True
2019-04,notices,1300.0,0.42848,False,0.283722,False,0.367703,False,0.020699,False,0,False,0.1119,True
2019-05,notices,1865.0,1.439802,False,2.454847,False,0.413745,False,0.119863,False,0,False,0.2801,True
2019-06,notices,1194.0,0.15038,False,0.1682,False,0.420933,False,0.013124,False,0,False,0.1047,True
2019-07,notices,796.0,0.854597,False,2.960343,False,0.435375,False,0.0133,False,0,False,0.2534,True
2019-08,notices,1259.0,0.416205,False,0.320869,False,0.404655,False,0.032706,False,0,False,0.1238,True
2019-09,notices,1191.0,0.31474,False,0.085091,False,0.359466,False,0.03062,False,0,False,0.0998,True
2019-10,notices,777.0,0.774925,False,2.952615,False,0.437399,False,0.006833,False,0,False,0.2485,True
2019-11,notices,840.0,0.478288,False,1.419342,False,0.395425,False,0.004421,False,0,False,0.1629,True
2019-12,notices,833.0,0.42241,False,0.695833,False,0.383591,False,0.004758,False,0,False,0.128,True
2020-01,notices,461.0,1.882707,False,2.614036,False,0.495335,False,0.079098,False,0,False,0.3115,True
2020-02,notices,862.0,0.401073,False,0.569966,False,0.447615,False,0.009643,False,0,False,0.1365,True
2020-03,notices,847.0,0.418048,False,0.405639,False,0.377638,False,0.009711,False,0,False,0.1158,True
2020-04,notices,726.0,0.795153,False,0.5146,False,0.388785,False,0.0017,False,0,False,0.1363,True
2020-05,notices,742.0,0.605415,False,0.74509,False,0.38145,False,0.002981,False,0,False,0.1368,True
2020-06,notices,819.0,0.132738,False,0.147224,False,0.376593,False,0.012059,False,0,False,0.0935,True
2020-07,notices,705.0,0.618286,False,2.057788,False,0.389255,False,0.003011,False,0,False,0.1936,False
2020-08,notices,706.0,0.563387,False,1.257763,False,0.382376,False,0.004053,False,0,False,0.1568,False
2020-09,notices,815.0,0.225791,False,0.192811,False,0.377067,False,0.017858,False,0,False,0.1009,False
2020-10,notices,751.0,0.008484,False,0.590237,False,0.37915,False,0.010413,False,0,False,0.1069,False
2020-11,notices,842.0,0.680661,False,0.679654,False,0.375234,False,0.027779,False,0,False,0.1423,False
2020-12,notices,786.0,0.274602,False,0.042409,False,0.378151,False,0.01893,False,0,False,0.0972,False
2021-01,notices,288.0,5.676562,True,8.915451,True,0.59909,True,0.182369,False,3,True,0.6594,False
2021-02,notices,520.0,1.087738,False,3.546774,True,0.484573,False,0.010871,False,1,False,0.2972,False
2021-03,notices,810.0,0.536519,False,0.759741,False,0.415371,False,0.017662,False,0,False,0.1454,False
2021-04,notices,602.0,0.431751,False,2.090207,False,0.41116,False,0.002783,False,0,False,0.1917,False
2021-05,notices,715.0,0.190046,False,0.343045,False,0.382965,False,0.001128,False,0,False,0.1025,False
2021-06,notices,743.0,0.328009,False,0.090475,False,0.377305,False,0.001341,False,0,False,0.0966,False
2021-07,notices,642.0,0.130839,False,0.945733,False,0.392414,False,0.005939,False,0,False,0.1284,False
2021-08,notices,847.0,0.827691,False,0.932755,False,0.396977,False,0.00485,False,0,False,0.1576,False
2021-09,notices,1033.0,1.406307,False,2.113961,False,0.394508,False,0.024707,False,0,False,0.2356,False
2021-10,notices,767.0,0.343248,False,0.145335,False,0.401582,False,0.003901,False,0,False,0.1053,False
2021-11,notices,1146.0,1.567357,False,2.510628,False,0.423599,False,0.036931,False,0,False,0.2681,False
2021-12,notices,1050.0,1.123091,False,1.606236,False,0.394194,False,0.020444,False,0,False,0.2014,False
2022-01,notices,389.0,1.661747,False,2.303162,False,0.577087,False,0.184082,False,0,False,0.3339,True
2022-02,notices,684.0,0.256142,False,0.342632,False,0.435818,False,0.018578,False,0,False,0.1209,True
2022-03,notices,963.0,0.825281,False,1.185188,False,0.401587,False,0.003066,False,0,False,0.1685,True
2022-04,notices,1006.0,0.901732,False,0.997484,False,0.382548,False,0.003059,False,0,False,0.1599,True
2022-05,notices,987.0,0.697805,False,0.683867,False,0.379846,False,0.001929,False,0,False,0.1374,True
2022-06,notices,1022.0,0.71692,False,0.531079,False,0.37092,False,0.002015,False,0,False,0.13,True
2022-07,notices,1030.0,0.645639,False,0.345043,False,0.36436,False,0.002863,False,0,False,0.1182,True
2022-08,notices,1524.0,1.855046,False,6.486796,True,0.417253,False,0.027962,False,1,False,0.4218,True
2022-09,notices,1264.0,0.934183,False,3.437686,True,0.389185,False,0.002786,False,1,False,0.2642,True
2022-10,notices,1216.0,0.744036,False,1.408824,False,0.366572,False,0.001218,False,0,False,0.1666,True
2022-11,notices,1203.0,0.600328,False,1.23408,False,0.367962,False,0.001419,False,0,False,0.1537,True
2022-12,notices,1051.0,0.197966,False,0.145994,False,0.373209,False,0.010636,False,0,False,0.0951,True
2023-01,notices,1036.0,0.156567,False,0.058847,False,0.363049,False,0.013832,False,0,False,0.0885,True
2023-02,notices,1120.0,0.264484,False,0.942745,False,0.36582,False,0.007408,False,0,False,0.1287,True
2023-03,notices,1464.0,2.080667,False,3.61349,True,0.396156,False,0.004486,False,1,False,0.3212,True
2023-04,notices,1549.0,2.031943,False,2.822665,False,0.384289,False,0.008738,False,0,False,0.2849,True
2023-05,notices,1930.0,2.949894,False,2.94096,False,0.4155,False,0.050397,False,0,False,0.3454,True
2023-06,notices,1445.0,0.677396,False,0.760826,False,0.399069,False,0.008495,False,0,False,0.1455,True
2023-07,notices,1327.0,0.121995,False,0.276763,False,0.361512,False,0.007376,False,0,False,0.0941,False
2023-08,notices,1301.0,0.0935,False,0.022826,False,0.357184,False,0.011874,False,0,False,0.0826,False
2023-09,notices,1114.0,0.901071,False,0.753857,False,0.371987,False,0.008846,False,0,False,0.149,False
2023-10,notices,1409.0,0.474274,False,0.588703,False,0.370521,False,0.042542,False,0,False,0.1328,False
2023-11,notices,1673.0,1.345568,False,1.21678,False,0.372887,False,0.107075,False,0,False,0.2127,False
2023-12,notices,1018.0,1.43874,False,1.227444,False,0.428258,False,0.01205,False,0,False,0.2037,False
2024-01,notices,454.0,5.488779,True,4.586615,True,0.567841,False,0.127542,False,2,True,0.5718,False
2024-02,notices,432.0,2.902667,False,4.793248,True,0.517814,False,0.132993,False,1,False,0.4636,False
2024-03,notices,608.0,1.342658,False,3.349413,True,0.489523,False,0.029002,False,1,False,0.3054,False
2024-04,notices,630.0,1.055791,False,2.438391,False,0.454286,False,0.026165,False,0,False,0.2474,False
2024-05,notices,1056.0,0.111568,False,0.345549,False,0.418714,False,0.015828,False,0,False,0.1107,False
2024-06,notices,892.0,0.130084,False,0.48081,False,0.388889,False,0.004171,False,0,False,0.1078,False
2024-07,notices,685.0,0.631122,False,1.010277,False,0.428203,False,0.040069,False,0,False,0.1683,False
2024-08,notices,964.0,0.252778,False,0.021624,False,0.39285,False,0.005915,False,0,False,0.0951,False
2024-09,notices,1627.0,1.554485,False,1.100097,False,0.454588,False,0.050659,False,0,False,0.2188,False
2024-10,notices,1633.0,1.374212,False,0.948413,False,0.415153,False,0.037451,False,0,False,0.1933,False
2024-11,notices,1432.0,1.026651,False,0.724908,False,0.408779,False,0.01208,False,0,False,0.1616,False
2024-12,notices,1255.0,0.806002,False,0.504813,False,0.391514,False,0.002832,False,0,False,0.1372,False
2025-01,notices,659.0,0.6226,False,0.569778,False,0.484791,False,0.118556,False,0,False,0.182,False
2025-02,notices,1490.0,1.140815,False,0.878663,False,0.497951,False,0.012331,False,0,False,0.1914,False
2025-03,notices,1119.0,0.269659,False,0.179708,False,0.393625,False,0.004158,False,0,False,0.1021,False
2025-04,notices,1243.0,0.452142,False,0.306054,False,0.365945,False,0.000671,False,0,False,0.1082,False
2025-05,notices,1408.0,0.730522,False,0.548933,False,0.366838,False,0.003489,False,0,False,0.1309,False
2025-06,notices,1166.0,0.041069,False,0.212997,False,0.373098,False,0.003602,False,0,False,0.0895,False
2025-07,notices,1386.0,0.537449,False,0.448354,False,0.366414,False,0.001655,False,0,False,0.1181,False
2025-08,notices,1349.0,0.305737,False,0.124255,False,0.35824,False,0.000552,False,0,False,0.0929,False
2025-09,notices,1869.0,1.55827,False,2.325964,False,0.393844,False,0.038163,False,0,False,0.2541,False
2025-10,notices,1304.0,0.016244,False,0.353209,False,0.396313,False,0.000304,False,0,False,0.0983,False
2025-11,notices,1299.0,0.077502,False,0.198287,False,0.35758,False,0.000374,False,0,False,0.0863,False
2025-12,notices,1271.0,0.022192,False,0.225959,False,0.358393,False,0.000574,False,0,False,0.0854,False
2026-01,notices,931.0,1.260813,False,3.192481,True,0.41554,False,0.034052,False,1,False,0.2813,False
2026-02,notices,1129.0,0.850647,False,1.354931,False,0.376555,False,0.006013,False,0,False,0.1722,False
2026-03,notices,1721.0,1.80808,False,2.357665,False,0.406715,False,0.026082,False,0,False,0.2654,False
2026-04,notices,1111.0,0.942193,False,1.508086,False,0.41962,False,0.007448,False,0,False,0.1917,False
2026-05,notices,1559.0,0.936342,False,1.291331,False,0.382397,False,0.010901,False,0,False,0.1756,False
2026-06,notices,1357.0,0.150002,False,0.223446,False,0.369207,False,0.000747,False,0,False,0.0929,False
2026-07,notices,1380.0,0.174869,False,0.261023,False,0.359358,False,0.001446,False,0,False,0.0936,False
2026-08,notices,1187.0,0.614496,False,0.735034,False,0.370203,False,0.002105,False,0,False,0.1341,False
2026-09,notices,1486.0,0.612254,False,0.763394,False,0.368481,False,0.005409,False,0,False,0.1357,False
1980-11,fine_total_brl,0.0,0.0,False,0.0,False,0.571519,False,0.023655,False,0,False,0.1843,False
1980-12,fine_total_brl,4.308312727272728e-09,0.0,False,0.0,False,0.546073,False,0.013385,False,0,False,0.1514,False
1981-01,fine_total_brl,1.0994330909090908e-07,0.0,False,0.0,False,0.666151,True,0.022267,False,1,False,0.2006,False
1981-02,fine_total_brl,2.3828225454545457e-08,0.0,False,0.0,False,0.593226,True,0.000284,False,1,False,0.1261,False
1981-03,fine_total_brl,0.0,0.0,False,0.0,False,0.691092,True,0.040957,False,1,False,0.2561,False
1981-04,fine_total_brl,4.262e-09,0.0,False,0.0,False,0.568399,False,0.024842,False,0,False,0.1869,False
1981-05,fine_total_brl,4.409090909090909e-09,0.0,False,0.0,False,0.558763,False,0.028175,False,0,False,0.1938,True
1981-06,fine_total_brl,9.080509090909091e-09,0.0,False,0.0,False,0.539134,False,0.014466,False,0,False,0.1528,True
1981-07,fine_total_brl,5.243287272727273e-08,0.0,False,0.0,False,0.589779,False,0.00029,False,0,False,0.1254,True
1981-08,fine_total_brl,1.6139829090909092e-07,0.0,False,0.0,False,0.615249,True,0.009633,False,1,False,0.1559,True
1981-09,fine_total_brl,7.580109090909091e-08,0.0,False,0.0,False,0.591755,True,0.000714,False,1,False,0.127,True
1981-10,fine_total_brl,1.391657818181818e-07,0.0,False,0.0,False,0.571685,False,0.004569,False,0,False,0.1331,True
1981-11,fine_total_brl,2.024149818181818e-08,0.089115,False,0.147956,False,0.598199,True,0.01127,False,1,False,0.1666,True
1981-12,fine_total_brl,1.3403479999999998e-07,1.195946,False,0.758657,False,0.567461,False,0.001989,False,0,False,0.2067,True
1982-01,fine_total_brl,8.338363636363636e-08,0.705527,False,0.430086,False,0.508854,False,0.000343,False,0,False,0.1558,True
1982-02,fine_total_brl,1.3270541818181817e-07,1.034269,False,0.662947,False,0.503402,False,0.000639,False,0,False,0.1788,True
1982-03,fine_total_brl,1.191330909090909e-07,0.834405,False,0.495716,False,0.493559,False,0.000245,False,0,False,0.1604,True
1982-04,fine_total_brl,4.73188e-08,0.050528,False,0.646795,False,0.548957,False,0.007802,False,0,False,0.166,False
1982-05,fine_total_brl,3.6724254545454543e-07,1.637575,False,1.982626,False,0.56732,False,0.006039,False,0,False,0.287,False
1982-06,fine_total_brl,5.207591272727273e-07,1.909857,False,2.733956,False,0.492181,False,0.010062,False,0,False,0.3245,False
1982-07,fine_total_brl,2.026074909090909e-07,0.702897,False,0.701986,False,0.505674,False,0.000792,False,0,False,0.1675,False
1982-08,fine_total_brl,4.176285090909091e-07,1.424011,False,1.734422,False,0.486322,False,0.005467,False,0,False,0.2491,False
1982-09,fine_total_brl,7.732755381818181e-07,1.8953,False,2.291457,False,0.491143,False,0.014158,False,0,False,0.3163,False
1982-10,fine_total_brl,4.785976727272727e-07,1.049884,False,1.141002,False,0.497135,False,0.006168,False,0,False,0.2129,False
1982-11,fine_total_brl,7.937362909090909e-07,1.37813,False,1.224967,False,0.482213,False,0.013214,False,0,False,0.2459,False
1982-12,fine_total_brl,3.436859636363636e-07,0.38231,False,0.217831,False,0.498146,False,0.002649,False,0,False,0.1374,False
1983-01,fine_total_brl,4.898181818181818e-08,1.84843,False,1.99568,False,0.658945,True,0.017835,False,1,False,0.3473,False
1983-02,fine_total_brl,2.7206701818181817e-07,0.086188,False,0.268747,False,0.585641,False,0.001276,False,0,False,0.142,False
1983-03,fine_total_brl,5.382967272727272e-07,0.738772,False,0.593799,False,0.486664,False,0.005262,False,0,False,0.1725,False
1983-04,fine_total_brl,2.8688378181818183e-07,0.051292,False,0.615289,False,0.506938,False,0.000853,False,0,False,0.1372,True
1983-05,fine_total_brl,6.138330909090909e-08,2.348135,False,3.972343,True,0.641315,True,0.015729,False,2,True,0.4411,True
1983-06,fine_total_brl,5.985101490909091e-07,0.766866,False,0.90403,False,0.587253,False,0.004189,False,0,False,0.205,True
1983-07,fine_total_brl,1.1162015672727271e-06,1.436805,False,1.802809,False,0.472939,False,0.011883,False,0,False,0.2669,True
1983-08,fine_total_brl,8.883712727272727e-07,0.960632,False,0.985092,False,0.475211,False,0.006926,False,0,False,0.2001,True
1983-09,fine_total_brl,2.6658077454545454e-07,0.339009,False,0.862771,False,0.556686,False,0.000864,False,0,False,0.17,True
1983-10,fine_total_brl,2.517166909090909e-06,2.039158,False,3.007497,True,0.565672,False,0.023623,False,1,False,0.3933,True
1983-11,fine_total_brl,7.890516363636364e-07,0.613537,False,0.750199,False,0.5077,False,0.002432,False,0,False,0.1707,True
1983-12,fine_total_brl,4.508130909090909e-07,0.120628,False,0.058407,False,0.492705,False,0.000259,False,0,False,0.1123,True
1984-01,fine_total_brl,2.1385236727272725e-07,0.556913,False,0.951261,False,0.541726,False,0.006848,False,0,False,0.1957,True
1984-02,fine_total_brl,2.6536516363636363e-06,1.856511,False,1.919702,False,0.581259,False,0.014111,False,0,False,0.3181,True
1984-03,fine_total_brl,1.993664e-06,1.21596,False,1.247417,False,0.488545,False,0.007195,False,0,False,0.2252,True
1984-04,fine_total_brl,8.952269090909091e-07,0.337156,False,0.195949,False,0.492036,False,0.000168,False,0,False,0.1267,True
1984-05,fine_total_brl,2.4371454545454548e-06,1.167818,False,0.969524,False,0.488259,False,0.006528,False,0,False,0.2098,True
1984-06,fine_total_brl,2.755534981818182e-06,1.283079,False,1.02366,False,0.473984,False,0.006662,False,0,False,0.2142,True
1984-07,fine_total_brl,4.168014690909091e-06,1.539441,False,1.141384,False,0.473042,False,0.011375,False,0,False,0.2422,True
1984-08,fine_total_brl,3.1917519636363636e-06,1.024435,False,0.890208,False,0.472779,False,0.005701,False,0,False,0.195,True
1984-09,fine_total_brl,1.6987098909090908e-06,0.267452,False,0.348942,False,0.500653,False,0.000417,False,0,False,0.1326,False
1984-10,fine_total_brl,5.522708109090909e-06,1.449422,False,1.964501,False,0.504242,False,0.010119,False,0,False,0.276,False
1984-11,fine_total_brl,5.419411418181818e-06,1.26084,False,1.204857,False,0.464152,False,0.007821,False,0,False,0.2218,False
1984-12,fine_total_brl,3.253862538181818e-06,0.546983,False,0.370417,False,0.4826,False,0.001361,False,0,False,0.1439,False
1985-01,fine_total_brl,4.304014909090909e-06,0.737267,False,0.850182,False,0.469666,False,0.002463,False,0,False,0.172,False
1985-02,fine_total_brl,5.0874944618181814e-06,1.108907,False,1.021382,False,0.464854,False,0.00296,False,0,False,0.195,False
1985-03,fine_total_brl,9.399872076363637e-06,2.087523,False,1.935983,False,0.462047,False,0.009197,False,0,False,0.29,True
1985-04,fine_total_brl,3.225981589090909e-06,0.103229,False,0.251748,False,0.510109,False,0.000173,False,0,False,0.1231,True
1985-05,fine_total_brl,8.114731010909092e-06,1.672258,False,1.73811,False,0.487226,False,0.003806,False,0,False,0.2553,True
1985-06,fine_total_brl,6.620368130909091e-06,0.946696,False,1.120732,False,0.468514,False,0.001094,False,0,False,0.1881,True
1985-07,fine_total_brl,1.367949472e-05,2.347215,False,2.037305,False,0.463726,False,0.006057,False,0,False,0.297,True
1985-08,fine_total_brl,2.486863383272727e-05,2.833031,False,2.295803,False,0.472864,False,0.012662,False,0,False,0.3477,True
1985-09,fine_total_brl,2.7293377596363635e-05,2.150081,False,2.372559,False,0.477808,False,0.011086,False,0,False,0.3192,True
1985-10,fine_total_brl,1.9477264716363637e-05,1.334619,False,2.020075,False,0.480292,False,0.003927,False,0,False,0.2518,True
1985-11,fine_total_brl,1.1401475989090909e-05,0.413067,False,0.515436,False,0.477177,False,0.00052,False,0,False,0.1409,True
1985-12,fine_total_brl,8.75527304e-06,0.018408,False,0.002667,False,0.481916,False,0.002661,False,0,False,0.1099,True
1986-01,fine_total_brl,1.3281683043636363e-05,0.472315,False,0.519912,False,0.465759,False,0.001638,False,0,False,0.1442,True
1986-02,fine_total_brl,1.9917627207272727e-05,0.997703,False,1.216355,False,0.460258,False,0.000945,False,0,False,0.1921,True
1986-03,fine_total_brl,0.0003215835454545455,5.393211,True,5.027654,True,0.608313,True,0.041183,False,3,True,0.6734,True
1986-04,fine_total_brl,0.0001786584,2.149725,False,3.712954,True,0.557831,False,0.018318,False,1,False,0.4114,True
1986-05,fine_total_brl,4.1888676363636366e-05,0.526744,False,1.359585,False,0.522421,False,0.000581,False,0,False,0.1906,True
1986-06,fine_total_brl,0.001636000330909091,3.560481,True,6.337689,True,0.665487,True,0.080801,True,4,True,0.756,True
1986-07,fine_total_brl,3.003728727272727e-05,0.185542,False,0.352137,False,0.638313,True,0.004646,False,1,False,0.1698,False
1986-08,fine_total_brl,5.4290676363636367e-05,0.147494,False,0.862307,False,0.461344,False,0.001327,False,0,False,0.1431,False
1986-09,fine_total_brl,0.0006279052000000001,1.682238,False,2.958526,False,0.591628,True,0.026575,False,1,False,0.3898,False
1986-10,fine_total_brl,0.0007314221127272727,1.461998,False,1.928106,False,0.563452,False,0.02687,False,0,False,0.3325,False
1986-11,fine_total_brl,0.0004883822072727273,0.991401,False,1.140493,False,0.534289,False,0.01461,False,0,False,0.241,False
1986-12,fine_total_brl,3.093932e-05,0.719852,False,0.488199,False,0.641265,True,0.015551,False,1,False,0.2276,True
1987-01,fine_total_brl,4.6787647272727276e-05,0.589478,False,0.360421,False,0.530165,False,0.010387,False,0,False,0.1795,True
1987-02,fine_total_brl,0.002640330709090909,1.952229,False,1.871303,False,0.650049,True,0.051605,True,2,True,0.4353,True
1987-03,fine_total_brl,0.0007133545236363636,0.775747,False,0.471737,False,0.514831,False,0.011419,False,0,False,0.1915,True
1987-04,fine_total_brl,0.00031458712363636364,0.220167,False,0.024944,False,0.490187,False,0.000929,False,0,False,0.1163,True
1987-05,fine_total_brl,0.0003596201527272727,0.272583,False,0.034826,False,0.47855,False,0.000797,False,0,False,0.1161,True
1987-06,fine_total_brl,0.00027447588363636367,0.000509,False,0.297527,False,0.499642,False,0.000764,False,0,False,0.1201,True
1987-07,fine_total_brl,0.0002834180181818182,0.123806,False,0.151107,False,0.479234,False,0.001677,False,0,False,0.1172,True
1987-08,fine_total_brl,0.0005723697490909091,0.534984,False,0.521177,False,0.473818,False,0.000921,False,0,False,0.1466,True
1987-09,fine_total_brl,0.0006125387418181818,0.472267,False,0.618709,False,0.470936,False,0.001006,False,0,False,0.1477,True
1987-10,fine_total_brl,0.0010406587018181818,0.915958,False,1.50666,False,0.46428,False,0.001479,False,0,False,0.203,True
1987-11,fine_total_brl,0.004479879578181818,2.066244,False,3.924744,True,0.540069,False,0.015788,False,1,False,0.4062,True
1987-12,fine_total_brl,0.0020841148618181817,1.10757,False,2.113769,False,0.496464,False,0.002367,False,0,False,0.2455,True
1988-01,fine_total_brl,0.0031162868618181817,1.332673,False,1.636182,False,0.475767,False,0.003432,False,0,False,0.2335,True
1988-02,fine_total_brl,0.001644601850909091,0.639878,False,0.773595,False,0.477981,False,0.002119,False,0,False,0.1656,True
1988-03,fine_total_brl,0.020345756407272726,3.31491,True,2.908505,False,0.599192,True,0.02804,False,2,True,0.4613,True
1988-04,fine_total_brl,0.0020044824036363636,0.451009,False,0.656743,False,0.567747,False,0.005009,False,0,False,0.1796,True
1988-05,fine_total_brl,0.00702758749090909,1.329262,False,1.338297,False,0.50639,False,0.002676,False,0,False,0.2254,True
1988-06,fine_total_brl,0.009705882443636365,1.367758,False,1.136488,False,0.474776,False,0.002831,False,0,False,0.2123,True
1988-07,fine_total_brl,0.006347642774545454,0.83725,False,0.768298,False,0.476305,False,0.002737,False,0,False,0.1749,True
1988-08,fine_total_brl,0.010670244883636363,1.185757,False,1.068295,False,0.467958,False,0.002497,False,0,False,0.1995,True
1988-09,fine_total_brl,0.013182079036363637,1.230825,False,1.171028,False,0.471116,False,0.002868,False,0,False,0.2073,True
1988-10,fine_total_brl,0.03505219600727273,2.145778,False,1.588956,False,0.500274,False,0.004356,False,0,False,0.273,True
1988-11,fine_total_brl,0.023193296123636364,1.341935,False,1.164437,False,0.475509,False,0.002383,False,0,False,0.2113,True
1988-12,fine_total_brl,0.006985365512727272,0.037976,False,0.12041,False,0.511064,False,0.020285,False,0,False,0.1691,True
1989-01,fine_total_brl,1.6389206348509093,5.591073,True,5.212625,True,0.731838,True,0.089991,True,4,True,0.8466,True
1989-02,fine_total_brl,0.06891659636363637,0.924603,False,2.215311,False,0.632357,True,0.001352,False,1,False,0.2681,True
1989-03,fine_total_brl,0.2588554654545454,1.56944,False,3.570705,True,0.555009,False,0.012085,False,1,False,0.3639,True
1989-04,fine_total_brl,0.05034122909090909,0.427639,False,1.505042,False,0.52938,False,0.004158,False,0,False,0.2036,True
1989-05,fine_total_brl,0.08759594181818181,0.63675,False,1.188448,False,0.466835,False,0.002475,False,0,False,0.1814,True
1989-06,fine_total_brl,0.22714515999999998,1.102733,False,1.358642,False,0.504091,False,0.003019,False,0,False,0.2172,True
1989-07,fine_total_brl,0.9433669272727273,1.78653,False,1.659552,False,0.551741,False,0.017868,False,0,False,0.3082,True
1989-08,fine_total_brl,0.41047196,0.994552,False,0.925401,False,0.519183,False,0.003171,False,0,False,0.1982,True
1989-09,fine_total_brl,0.18985474181818182,0.387045,False,0.499607,False,0.485999,False,0.003875,False,0,False,0.1501,True
1989-10,fine_total_brl,0.22910317454545456,0.394059,False,0.369427,False,0.464049,False,0.003917,False,0,False,0.1404,True
1989-11,fine_total_brl,0.21065260363636362,0.248225,False,0.009802,False,0.467701,False,0.006792,False,0,False,0.1278,True
1989-12,fine_total_brl,0.6324578145454545,0.912395,False,0.92728,False,0.489982,False,0.001192,False,0,False,0.1834,True
1990-01,fine_total_brl,1.4247853454545454,1.668373,False,1.599942,False,0.475436,False,0.004202,False,0,False,0.2479,True
1990-02,fine_total_brl,2.9130863236363638,2.420703,False,2.224577,False,0.512592,False,0.011376,False,0,False,0.3324,True
1990-03,fine_total_brl,1.610397290909091,1.350126,False,1.725918,False,0.502923,False,0.002913,False,0,False,0.2423,True
1990-04,fine_total_brl,8.904563221818181,2.530186,False,2.459537,False,0.564618,False,0.029731,False,0,False,0.4071,True
1990-05,fine_total_brl,15.293480803636363,2.399073,False,2.453377,False,0.550887,False,0.04213,False,0,False,0.4318,True
1990-06,fine_total_brl,4.36251444,1.035692,False,0.957437,False,0.526589,False,0.008881,False,0,False,0.2182,True
1990-07,fine_total_brl,2.104667050909091,0.381587,False,0.340345,False,0.478618,False,0.00126,False,0,False,0.1346,True
1990-08,fine_total_brl,0.9048752509090909,0.236071,False,0.294063,False,0.508425,False,0.004464,False,0,False,0.1415,False
1990-09,fine_total_brl,2.159776403636364,0.31585,False,0.247807,False,0.473146,False,0.000553,False,0,False,0.125,False
1990-10,fine_total_brl,2.0697898254545453,0.161199,False,0.100448,False,0.456367,False,0.000708,False,0,False,0.1093,False
1990-11,fine_total_brl,1.5313860109090909,0.241014,False,0.373261,False,0.480232,False,0.003163,False,0,False,0.1356,True
1990-12,fine_total_brl,2.8524353272727274,0.201489,False,0.589196,False,0.453873,False,0.000859,False,0,False,0.1312,True
1991-01,fine_total_brl,4.311127141818182,0.586412,False,1.477133,False,0.449879,False,0.000914,False,0,False,0.1835,True
1991-02,fine_total_brl,14.715119178181817,2.047555,False,2.622469,False,0.491774,False,0.009876,False,0,False,0.325,True
1991-03,fine_total_brl,8.714613334545454,1.039211,False,1.636892,False,0.467913,False,0.001875,False,0,False,0.2154,True
1991-04,fine_total_brl,38.98040399636364,2.515978,False,2.396378,False,0.527218,False,0.02318,False,0,False,0.3784,True
1991-05,fine_total_brl,16.98932196363636,1.211272,False,1.57004,False,0.485573,False,0.005455,False,0,False,0.2332,True
1991-06,fine_total_brl,8.683665654545454,0.595205,False,0.902241,False,0.465185,False,0.000622,False,0,False,0.1624,True
1991-07,fine_total_brl,5.999007218181818,0.212471,False,0.417392,False,0.463823,False,0.002143,False,0,False,0.13,True
1991-08,fine_total_brl,18.170019454545454,1.133875,False,0.978604,False,0.478048,False,0.002265,False,0,False,0.1951,True
1991-09,fine_total_brl,13.974404374545454,0.734759,False,0.500919,False,0.451117,False,0.001085,False,0,False,0.1497,True
1991-10,fine_total_brl,31.166440698181816,1.429162,False,1.255289,False,0.454331,False,0.00431,False,0,False,0.2194,True
1991-11,fine_total_brl,32.08168833818182,1.250917,False,1.299081,False,0.447102,False,0.002877,False,0,False,0.2085,True
1991-12,fine_total_brl,75.48261418181818,2.196522,False,1.75326,False,0.464262,False,0.010019,False,0,False,0.2896,True
1992-01,fine_total_brl,62.762877541818185,1.618959,False,1.45534,False,0.467527,False,0.004984,False,0,False,0.2403,True
1992-02,fine_total_brl,8.7946248,1.055277,False,0.716313,False,0.556758,False,0.013801,False,0,False,0.2286,False
1992-03,fine_total_brl,20.463554596363636,0.052912,False,0.147628,False,0.465511,False,0.004097,False,0,False,0.1177,False
1992-04,fine_total_brl,320.02285619636365,3.439321,True,3.124336,True,0.581239,False,0.024446,False,2,True,0.462,False
1992-05,fine_total_brl,47.88415476363636,0.583338,False,0.94813,False,0.53437,False,0.001214,False,0,False,0.18,False
1992-06,fine_total_brl,24.399863352727273,0.101126,False,0.02995,False,0.467994,False,0.008895,False,0,False,0.1283,True
1992-07,fine_total_brl,37.87828690909091,0.227224,False,0.347688,False,0.446456,False,0.005454,False,0,False,0.133,True
1992-08,fine_total_brl,2464.565969330909,4.574052,True,5.940289,True,0.669954,True,0.075724,True,4,True,0.7831,True
1992-09,fine_total_brl,503.9061677236364,1.494335,False,3.215132,True,0.578971,False,0.018513,False,1,False,0.3683,True
1992-10,fine_total_brl,1062.6423007345454,1.712431,False,3.842687,True,0.534968,False,0.033992,False,1,False,0.4358,True
1992-11,fine_total_brl,41.97466271272727,0.466974,False,0.200673,False,0.612537,True,0.012413,False,1,False,0.1906,True
1992-12,fine_total_brl,493.2100894290909,0.944087,False,1.65108,False,0.572873,False,0.008845,False,0,False,0.253,True
1993-01,fine_total_brl,1137.428793949091,1.293024,False,1.487692,False,0.532141,False,0.019757,False,0,False,0.2814,True
1993-02,fine_total_brl,38.382171094545456,0.69898,False,0.521721,False,0.656937,True,0.029987,False,1,False,0.2703,True
1993-03,fine_total_brl,934.3411352254545,1.007482,False,0.978652,False,0.604002,True,0.00774,False,1,False,0.2312,True
1993-04,fine_total_brl,172.07720232727272,0.157473,False,0.392335,False,0.545808,False,0.010792,False,0,False,0.1673,True
1993-05,fine_total_brl,125.22390200363637,0.317424,False,0.359565,False,0.50789,False,0.02384,False,0,False,0.1996,True
1993-06,fine_total_brl,103.68274104727273,0.495434,False,0.524688,False,0.522389,False,0.039091,False,0,False,0.2579,True
1993-07,fine_total_brl,220.27244712363637,0.111715,False,0.153344,False,0.48386,False,0.027787,False,0,False,0.1879,True
1993-08,fine_total_brl,17367.48009090909,3.007221,True,2.432583,False,0.665723,True,0.033126,False,2,True,0.4563,True
1993-09,fine_total_brl,5262.001789090909,1.589512,False,1.699893,False,0.563478,False,0.00402,False,0,False,0.2669,True
1993-10,fine_total_brl,7736.936101818182,1.545905,False,1.829364,False,0.539585,False,0.003456,False,0,False,0.264,True
1993-11,fine_total_brl,62225.26948727272,2.361094,False,2.951579,False,0.664213,True,0.032386,False,1,False,0.4487,False
1993-12,fine_total_brl,18037.933418181816,1.288857,False,1.239588,False,0.591291,False,0.003537,False,0,False,0.2398,False
1994-01,fine_total_brl,6988.943250909091,0.702942,False,0.626107,False,0.52257,False,0.006786,False,0,False,0.184,True
1994-02,fine_total_brl,7328.486672727273,0.647342,False,0.366074,False,0.460593,False,0.010743,False,0,False,0.1684,True
1994-03,fine_total_brl,101235.83238545456,1.697641,False,1.282763,False,0.583953,False,0.011543,False,0,False,0.2786,True
1994-04,fine_total_brl,15149.571272727273,0.611629,False,0.327697,False,0.538661,False,0.009638,False,0,False,0.1789,True
1994-05,fine_total_brl,24009.72250181818,0.690907,False,0.915147,False,0.461985,False,0.007578,False,0,False,0.1849,True
1994-06,fine_total_brl,13089.629945454546,0.270767,False,0.207865,False,0.470996,False,0.024868,False,0,False,0.1863,True
1994-07,fine_total_brl,840393.86,2.833256,False,4.405709,True,0.665294,True,0.028924,False,2,True,0.5199,True
1994-08,fine_total_brl,1054508.86,2.670685,False,3.669189,True,0.590698,False,0.028309,False,1,False,0.465,True
1994-09,fine_total_brl,693761.73,1.702514,False,3.010769,True,0.586017,False,0.013933,False,1,False,0.3577,True
1994-10,fine_total_brl,421805.88,1.137728,False,1.901431,False,0.554287,False,0.004447,False,0,False,0.2557,True
1994-11,fine_total_brl,395603.95,0.929077,False,1.142728,False,0.499934,False,0.002984,False,0,False,0.2,True
1994-12,fine_total_brl,333704.93,0.734668,False,0.668347,False,0.482305,False,0.001676,False,0,False,0.1649,False
1995-01,fine_total_brl,115082.48,0.078244,False,0.193331,False,0.479831,False,0.006893,False,0,False,0.1312,False
1995-02,fine_total_brl,223384.18,0.326394,False,0.064938,False,0.43732,False,0.002356,False,0,False,0.1151,False
1995-03,fine_total_brl,5414763.34,2.242939,False,2.093797,False,0.611612,True,0.054936,True,2,True,0.4575,False
1995-04,fine_total_brl,265022.55,0.075502,False,0.223545,False,0.588372,False,0.002201,False,0,False,0.1427,False
1995-05,fine_total_brl,329304.06,0.07223,False,0.089327,False,0.425874,False,0.001395,False,0,False,0.1005,False
1995-06,fine_total_brl,271963.24,0.205063,False,0.34482,False,0.434515,False,0.002542,False,0,False,0.1216,False
1995-07,fine_total_brl,605686.57,0.261118,False,0.859611,False,0.433454,False,0.00055,False,0,False,0.1398,False
1995-08,fine_total_brl,676250.41,0.406936,False,1.044982,False,0.417041,False,0.000286,False,0,False,0.1494,False
1995-09,fine_total_brl,703061.93,0.499336,False,1.110386,False,0.422228,False,6e-05,False,0,False,0.1565,False
1995-10,fine_total_brl,630103.77,0.381333,False,0.926091,False,0.420598,False,0.000453,False,0,False,0.1446,False
1995-11,fine_total_brl,418172.23,0.0897,False,0.190094,False,0.427558,False,0.004868,False,0,False,0.1151,True
1995-12,fine_total_brl,309600.89,0.41268,False,0.253973,False,0.427273,False,0.012239,False,0,False,0.151,True
1996-01,fine_total_brl,2199037.01,1.663606,False,2.406415,False,0.530835,False,0.001857,False,0,False,0.2868,True
1996-02,fine_total_brl,2085376.71,1.356875,False,2.107392,False,0.439743,False,0.000868,False,0,False,0.2396,True
1996-03,fine_total_brl,3225592.59,1.597767,False,1.689082,False,0.445765,False,0.002226,False,0,False,0.2371,True
1996-04,fine_total_brl,4114939.88,2.103598,False,1.937943,False,0.453887,False,0.002802,False,0,False,0.2718,True
1996-05,fine_total_brl,4623857.35,1.786692,False,1.846631,False,0.455925,False,0.002628,False,0,False,0.2548,True
1996-06,fine_total_brl,4334271.22,1.391228,False,1.432577,False,0.455948,False,0.00146,False,0,False,0.2179,True
1996-07,fine_total_brl,4901498.57,1.311851,False,1.127767,False,0.427945,False,0.001687,False,0,False,0.1966,True
1996-08,fine_total_brl,5937446.98,1.286585,False,0.860998,False,0.407619,False,0.002539,False,0,False,0.1825,True
1996-09,fine_total_brl,7227670.58,1.266774,False,1.159377,False,0.409041,False,0.003858,False,0,False,0.1979,True
1996-10,fine_total_brl,7676927.05,1.123509,False,1.012299,False,0.400627,False,0.004216,False,0,False,0.185,False
1996-11,fine_total_brl,3072051.08,0.081253,False,0.488954,False,0.425054,False,0.001027,False,0,False,0.1163,False
1996-12,fine_total_brl,5476205.14,0.580901,False,0.531923,False,0.401042,False,0.001704,False,0,False,0.1357,False
1997-01,fine_total_brl,6929335.0,1.16768,False,0.965875,False,0.394743,False,0.003514,False,0,False,0.1818,False
1997-02,fine_total_brl,2529894.27,1.570182,False,1.430298,False,0.452627,False,0.001985,False,0,False,0.226,False
1997-03,fine_total_brl,2945644.56,1.336365,False,1.086076,False,0.422956,False,0.001412,False,0,False,0.1941,False
1997-04,fine_total_brl,2775497.83,1.443004,False,1.220682,False,0.420513,False,0.001535,False,0,False,0.204,False
1997-05,fine_total_brl,2980183.36,1.071254,False,0.796902,False,0.416908,False,0.001374,False,0,False,0.1696,False
1997-06,fine_total_brl,2788235.2,1.096492,False,0.803598,False,0.417808,False,0.001405,False,0,False,0.1712,False
1997-07,fine_total_brl,5828082.38,0.743214,False,0.807406,False,0.40925,False,0.004308,False,0,False,0.1627,False
1997-08,fine_total_brl,4787170.78,0.25054,False,0.275844,False,0.390751,False,0.002932,False,0,False,0.1124,False
1997-09,fine_total_brl,5322435.43,0.544148,False,0.650674,False,0.388158,False,0.003784,False,0,False,0.142,False
1997-10,fine_total_brl,4691836.06,0.331113,False,0.417859,False,0.391546,False,0.00283,False,0,False,0.1216,False
1997-11,fine_total_brl,3572183.83,0.27389,False,0.132112,False,0.399,False,0.001404,False,0,False,0.105,False
1997-12,fine_total_brl,2478329.6,1.359525,False,1.047002,False,0.426846,False,0.000877,False,0,False,0.1928,False
1998-01,fine_total_brl,1376027.05,2.776554,False,2.20004,False,0.465505,False,0.003723,False,0,False,0.3157,False
1998-02,fine_total_brl,1457507.87,1.982446,False,2.617721,False,0.448221,False,0.003195,False,0,False,0.295,False
1998-03,fine_total_brl,2897304.3,0.157053,False,0.046676,False,0.422238,False,0.000392,False,0,False,0.0988,False
1998-04,fine_total_brl,2557294.27,0.422383,False,0.282585,False,0.399812,False,0.000402,False,0,False,0.115,False
1998-05,fine_total_brl,3357927.41,0.176919,False,0.271415,False,0.397758,False,0.000215,False,0,False,0.1033,False
1998-06,fine_total_brl,3177200.65,0.037299,False,0.038993,False,0.393992,False,0.000121,False,0,False,0.0868,False
1998-07,fine_total_brl,4551600.45,0.784427,False,0.701337,False,0.394706,False,0.000692,False,0,False,0.1472,False
1998-08,fine_total_brl,10699418.25,2.809054,False,2.633066,False,0.429678,False,0.008497,False,0,False,0.3404,False
1998-09,fine_total_brl,3824626.65,0.260228,False,0.350177,False,0.432083,False,0.00019,False,0,False,0.1173,False
1998-10,fine_total_brl,2291599.21,0.62574,False,0.918033,False,0.415617,False,0.002164,False,0,False,0.158,False
1998-11,fine_total_brl,2850252.21,0.114171,False,0.194272,False,0.399781,False,0.0012,False,0,False,0.1006,True
1998-12,fine_total_brl,2093053.87,0.658121,False,1.119135,False,0.409041,False,0.004544,False,0,False,0.1727,True
1999-01,fine_total_brl,77006344.14,6.041067,True,8.660315,True,0.63913,True,0.050939,True,4,True,0.7719,True
1999-02,fine_total_brl,3196979.17,0.238503,False,0.137783,False,0.582235,False,0.002349,False,0,False,0.145,True
1999-03,fine_total_brl,3593936.32,0.198029,False,0.40266,False,0.392776,False,0.002191,False,0,False,0.1139,True
1999-04,fine_total_brl,6618418.47,0.3993,False,2.356383,False,0.407509,False,0.000287,False,0,False,0.2017,True
1999-05,fine_total_brl,4781852.97,0.009102,False,0.920933,False,0.398974,False,0.001934,False,0,False,0.1283,True
1999-06,fine_total_brl,4107935.49,0.19556,False,0.267407,False,0.392861,False,0.004563,False,0,False,0.1146,True
1999-07,fine_total_brl,5601058.96,0.101902,False,0.856213,False,0.395214,False,0.003326,False,0,False,0.1324,True
1999-08,fine_total_brl,5323180.5,0.031269,False,0.588845,False,0.388282,False,0.005571,False,0,False,0.1229,True
1999-09,fine_total_brl,14759065.22,1.181939,False,2.839105,False,0.446321,False,0.001544,False,0,False,0.266,True
1999-10,fine_total_brl,37501161.31,1.956201,False,3.959027,True,0.48951,False,0.00626,False,1,False,0.3667,True
1999-11,fine_total_brl,24071492.63,1.151473,False,2.649988,False,0.462581,False,0.002028,False,0,False,0.2616,True
1999-12,fine_total_brl,17561719.62,0.687144,False,1.652641,False,0.43321,False,0.002105,False,0,False,0.1947,True
2000-01,fine_total_brl,61495521.76,1.776131,False,2.663269,False,0.527502,False,0.006996,False,0,False,0.3153,True
2000-02,fine_total_brl,17053431.02,0.574583,False,1.186142,False,0.491708,False,0.003221,False,0,False,0.1859,True
2000-03,fine_total_brl,17735187.53,0.500237,False,0.586513,False,0.396446,False,0.00337,False,0,False,0.1381,True
2000-04,fine_total_brl,34219260.97,1.133337,False,0.597836,False,0.402231,False,0.000616,False,0,False,0.1588,True
2000-05,fine_total_brl,110465632.69,2.266926,False,1.718521,False,0.478176,False,0.008286,False,0,False,0.2894,False
2000-06,fine_total_brl,20448222.21,0.081718,False,0.140303,False,0.479527,False,0.003316,False,0,False,0.1195,False
2000-07,fine_total_brl,42736060.47,0.785627,False,1.296686,False,0.405243,False,0.000173,False,0,False,0.1729,False
2000-08,fine_total_brl,211116761.92,2.714338,False,3.614123,True,0.540774,False,0.018733,False,1,False,0.4283,False
2000-09,fine_total_brl,25470590.46,0.373024,False,0.165595,False,0.510462,False,0.00178,False,0,False,0.1351,False
2000-10,fine_total_brl,44860946.89,0.267653,False,0.641775,False,0.386567,False,0.000439,False,0,False,0.1208,False
2000-11,fine_total_brl,36577349.05,0.009286,False,0.311475,False,0.382949,False,0.000327,False,0,False,0.0952,False
2000-12,fine_total_brl,17566969.7,0.991838,False,0.85773,False,0.428607,False,0.004394,False,0,False,0.1795,False
2001-01,fine_total_brl,8437928.64,1.92961,False,1.75613,False,0.518995,False,0.015705,False,0,False,0.3054,False
2001-02,fine_total_brl,7786417.8,1.624754,False,1.937372,False,0.496079,False,0.017801,False,0,False,0.3011,False
2001-03,fine_total_brl,28438662.259999998,0.066122,False,0.054376,False,0.46228,False,0.000904,False,0,False,0.1051,False
2001-04,fine_total_brl,44167477.98,0.359493,False,0.597035,False,0.380994,False,0.000235,False,0,False,0.121,False
2001-05,fine_total_brl,26876929.59,0.190759,False,0.313046,False,0.391684,False,0.001657,False,0,False,0.1082,False
2001-06,fine_total_brl,21559770.11,0.3284,False,0.377346,False,0.389731,False,0.003891,False,0,False,0.1222,False
2001-07,fine_total_brl,57261397.64,0.802247,False,1.104843,False,0.416005,False,0.000652,False,0,False,0.1691,False
2001-08,fine_total_brl,52353651.38,0.657183,False,0.934255,False,0.395827,False,0.000415,False,0,False,0.1511,False
2001-09,fine_total_brl,101261358.89,2.061842,False,1.899486,False,0.422602,False,0.003461,False,0,False,0.2637,False
2001-10,fine_total_brl,102603867.8,1.639179,False,1.759685,False,0.41272,False,0.00311,False,0,False,0.2372,False
2001-11,fine_total_brl,41585268.7,0.331304,False,0.323918,False,0.412368,False,0.000838,False,0,False,0.1167,False
2001-12,fine_total_brl,40177740.13,0.276479,False,0.214842,False,0.375743,False,0.001097,False,0,False,0.1028,False
2002-01,fine_total_brl,98886093.81,1.296051,False,1.523908,False,0.410871,False,0.00181,False,0,False,0.2092,False
2002-02,fine_total_brl,34254931.81,0.270287,False,0.344724,False,0.410706,False,0.002337,False,0,False,0.1187,False
2002-03,fine_total_brl,51563978.58,0.158567,False,0.356499,False,0.377309,False,0.00029,False,0,False,0.102,False
2002-04,fine_total_brl,21835311.92,1.624266,False,2.052862,False,0.436092,False,0.006882,False,0,False,0.2639,False
2002-05,fine_total_brl,40461374.85,0.265646,False,0.2153,False,0.395594,False,0.001038,False,0,False,0.1064,False
2002-06,fine_total_brl,32044489.59,0.777246,False,0.966623,False,0.385577,False,0.002369,False,0,False,0.1605,False
2002-07,fine_total_brl,39368883.65,0.495504,False,0.426151,False,0.380251,False,0.000921,False,0,False,0.1212,False
2002-08,fine_total_brl,56337701.64,0.295851,False,0.905467,False,0.373921,False,0.00021,False,0,False,0.1296,False
2002-09,fine_total_brl,69045510.38,0.693143,False,1.476672,False,0.37819,False,0.000786,False,0,False,0.1724,False
2002-10,fine_total_brl,81962703.93,1.201465,False,1.963012,False,0.382966,False,0.001903,False,0,False,0.2179,False
2002-11,fine_total_brl,32558551.96,0.843223,False,0.655097,False,0.401186,False,0.001289,False,0,False,0.1507,False
2002-12,fine_total_brl,61133272.98,0.671862,False,1.180347,False,0.387005,False,0.000618,False,0,False,0.1606,False
2003-01,fine_total_brl,17968429.759999998,2.18964,False,1.997688,False,0.473327,False,0.006354,False,0,False,0.2916,False
2003-02,fine_total_brl,16846149.34,1.94841,False,1.936489,False,0.429185,False,0.007055,False,0,False,0.2715,False
2003-03,fine_total_brl,26647663.92,0.710236,False,0.706711,False,0.406822,False,0.002081,False,0,False,0.1506,False
2003-04,fine_total_brl,24967470.05,0.727399,False,0.512985,False,0.387185,False,0.002638,False,0,False,0.1406,False
2003-05,fine_total_brl,31128042.91,0.33493,False,0.231907,False,0.383475,False,0.001148,False,0,False,0.1077,False
2003-06,fine_total_brl,52708043.379999995,0.730859,False,0.811739,False,0.38868,False,0.000136,False,0,False,0.1468,False
2003-07,fine_total_brl,24328278.59,0.835515,False,0.620404,False,0.403248,False,0.003104,False,0,False,0.1542,False
2003-08,fine_total_brl,48556534.33,0.543714,False,0.529763,False,0.394359,False,2.7e-05,False,0,False,0.1281,False
2003-09,fine_total_brl,70525394.0,1.281639,False,1.158304,False,0.395491,False,0.000953,False,0,False,0.1878,False
2003-10,fine_total_brl,91592933.4,1.763822,False,1.538942,False,0.400716,False,0.002546,False,0,False,0.2291,False
2003-11,fine_total_brl,29847614.32,0.350484,False,0.093884,False,0.425303,False,0.002156,False,0,False,0.1142,False
2003-12,fine_total_brl,47316077.83,0.500998,False,0.596727,False,0.385323,False,0.000143,False,0,False,0.1276,False
2004-01,fine_total_brl,20459794.6,1.016151,False,0.593984,False,0.407706,False,0.006915,False,0,False,0.1718,False
2004-02,fine_total_brl,21865395.46,0.935847,False,0.534526,False,0.387394,False,0.006633,False,0,False,0.161,False
2004-03,fine_total_brl,121995167.94,2.475724,False,2.559898,False,0.513204,False,0.003484,False,0,False,0.3276,False
2004-04,fine_total_brl,34344283.12,0.310081,False,0.169121,False,0.435192,False,0.002576,False,0,False,0.1189,False
2004-05,fine_total_brl,37290111.04,0.222159,False,0.13048,False,0.379133,False,0.002235,False,0,False,0.1008,False
2004-06,fine_total_brl,42073964.47,0.037603,False,0.002573,False,0.375185,False,0.001715,False,0,False,0.0856,True
2004-07,fine_total_brl,53925268.8,0.43803,False,0.540222,False,0.372182,False,0.000711,False,0,False,0.1213,True
2004-08,fine_total_brl,123940162.92,1.885505,False,2.076447,False,0.406878,False,0.001907,False,0,False,0.2562,True
2004-09,fine_total_brl,112733681.17,1.371996,False,1.454145,False,0.405662,False,0.001091,False,0,False,0.2064,True
2004-10,fine_total_brl,33939795.6,0.615837,False,0.330881,False,0.420871,False,0.005956,False,0,False,0.1444,True
2004-11,fine_total_brl,74601713.64,0.743419,False,1.443854,False,0.3944,False,0.00051,False,0,False,0.1759,True
2004-12,fine_total_brl,133148906.74,1.548477,False,1.87271,False,0.405534,False,0.000994,False,0,False,0.2309,True
2005-01,fine_total_brl,71877171.8,0.39266,False,0.452259,False,0.398266,False,0.001203,False,0,False,0.1226,True
2005-02,fine_total_brl,41222662.95,0.63581,False,0.467932,False,0.394383,False,0.006949,False,0,False,0.148,True
2005-03,fine_total_brl,81496257.42999999,0.439013,False,0.328352,False,0.382068,False,0.001149,False,0,False,0.1158,True
2005-04,fine_total_brl,116057725.65,1.225806,False,0.908446,False,0.376859,False,0.000262,False,0,False,0.1693,True
2005-05,fine_total_brl,107358697.26,0.887129,False,0.52307,False,0.373858,False,0.000464,False,0,False,0.139,True
2005-06,fine_total_brl,160505379.55,1.59151,False,1.270644,False,0.384908,False,0.000333,False,0,False,0.2015,True
2005-07,fine_total_brl,217835891.12,1.961956,False,2.093112,False,0.391752,False,0.001399,False,0,False,0.2555,True
2005-08,fine_total_brl,185608927.06,1.265424,False,1.041033,False,0.385281,False,0.000504,False,0,False,0.1789,True
2005-09,fine_total_brl,152001224.22,0.784318,False,0.569217,False,0.372806,False,6.1e-05,False,0,False,0.1354,True
2005-10,fine_total_brl,686054063.42,3.326359,True,3.197158,True,0.5371,False,0.016094,False,2,True,0.4286,True
2005-11,fine_total_brl,159404059.64,0.305754,False,0.40755,False,0.461259,False,0.000107,False,0,False,0.1275,True
2005-12,fine_total_brl,113164764.78,0.277202,False,0.563864,False,0.373457,False,0.000582,False,0,False,0.1155,True
2006-01,fine_total_brl,29722837.9,2.199136,False,3.688904,True,0.535684,False,0.0177,False,1,False,0.4061,False
2006-02,fine_total_brl,93410527.28,0.368626,False,0.867316,False,0.440245,False,0.001461,False,0,False,0.1485,False
2006-03,fine_total_brl,81491770.52,0.686091,False,1.203668,False,0.389266,False,0.002334,False,0,False,0.1673,False
2006-04,fine_total_brl,130686658.86,0.037414,False,0.039883,False,0.37722,False,0.000152,False,0,False,0.0834,False
2006-05,fine_total_brl,68415965.89,0.94163,False,1.780886,False,0.405162,False,0.003714,False,0,False,0.209,False
2006-06,fine_total_brl,155559986.69,0.232498,False,0.193883,False,0.391053,False,0.000134,False,0,False,0.1008,False
2006-07,fine_total_brl,91799697.12,0.466629,False,0.842315,False,0.383007,False,0.001319,False,0,False,0.139,False
2006-08,fine_total_brl,132574466.31,0.121106,False,0.211018,False,0.368173,False,8.1e-05,False,0,False,0.0919,False
2006-09,fine_total_brl,261638900.46,1.097159,False,1.933853,False,0.392613,False,0.00258,False,0,False,0.2162,False
2006-10,fine_total_brl,124498275.74,0.012245,False,0.05737,False,0.387396,False,0.000219,False,0,False,0.0854,False
2006-11,fine_total_brl,197606880.31,1.143359,False,1.3037,False,0.379287,False,0.000629,False,0,False,0.1838,False
2006-12,fine_total_brl,79505197.63,0.56791,False,1.024997,False,0.400793,False,0.002983,False,0,False,0.1591,False
2007-01,fine_total_brl,96400295.0,0.165162,False,0.258603,False,0.368293,False,0.001692,False,0,False,0.1,False
2007-02,fine_total_brl,86299592.54,0.755797,False,0.661345,False,0.375284,False,0.002753,False,0,False,0.1458,False
2007-03,fine_total_brl,186932705.75,1.1847,False,1.348682,False,0.388843,False,0.000129,False,0,False,0.1881,False
2007-04,fine_total_brl,300372154.36,2.160393,False,1.624695,False,0.393093,False,0.00231,False,0,False,0.247,False
2007-05,fine_total_brl,140857918.08,0.117198,False,0.160628,False,0.389459,False,0.000314,False,0,False,0.0947,False
2007-06,fine_total_brl,184085264.06,0.607883,False,0.559978,False,0.367158,False,3.9e-05,False,0,False,0.1264,False
2007-07,fine_total_brl,108530084.14,0.632323,False,0.43306,False,0.374603,False,0.001798,False,0,False,0.1284,False
2007-08,fine_total_brl,202965519.32,0.780687,False,0.805824,False,0.380188,False,0.000113,False,0,False,0.1468,False
2007-09,fine_total_brl,145425985.45,0.080677,False,0.210904,False,0.369472,False,0.000542,False,0,False,0.0917,False
2007-10,fine_total_brl,235140105.85,1.234029,False,1.117628,False,0.375486,False,0.000306,False,0,False,0.1782,False
2007-11,fine_total_brl,263752052.43,1.319044,False,1.114095,False,0.370765,False,0.000571,False,0,False,0.1813,False
2007-12,fine_total_brl,193255929.17,0.495815,False,0.290478,False,0.372298,False,0.000106,False,0,False,0.1117,False
2008-01,fine_total_brl,109483367.06,1.064135,False,1.371293,False,0.390565,False,0.003257,False,0,False,0.1928,False
2008-02,fine_total_brl,167399329.56,0.018988,False,0.267059,False,0.373432,False,0.000627,False,0,False,0.0925,False
2008-03,fine_total_brl,276974251.43,1.386183,False,1.125352,False,0.373456,False,0.000345,False,0,False,0.1845,False
2008-04,fine_total_brl,200883500.85,0.254106,False,0.154007,False,0.370792,False,0.000238,False,0,False,0.096,False
2008-05,fine_total_brl,257214403.11,1.19185,False,0.870866,False,0.362021,False,8.8e-05,False,0,False,0.1627,False
2008-06,fine_total_brl,891521944.49,4.939945,True,4.593192,True,0.508523,False,0.011504,False,2,True,0.5356,False
2008-07,fine_total_brl,372633369.09,1.012742,False,1.623369,False,0.436005,False,0.001095,False,0,False,0.2049,False
2008-08,fine_total_brl,312367286.24,0.527198,False,1.133062,False,0.380429,False,0.00031,False,0,False,0.1504,False
2008-09,fine_total_brl,371161069.01,0.78156,False,1.156345,False,0.374454,False,0.000972,False,0,False,0.1625,False
2008-10,fine_total_brl,321834606.99,0.375949,False,0.511339,False,0.372606,False,0.000373,False,0,False,0.1167,False
2008-11,fine_total_brl,312466564.49,0.267073,False,0.318688,False,0.366131,False,0.000295,False,0,False,0.1026,False
2008-12,fine_total_brl,316092974.82,0.261369,False,0.206995,False,0.364777,False,0.000347,False,0,False,0.0975,False
2009-01,fine_total_brl,64514437.59,2.954736,False,6.105165,True,0.551034,False,0.01313,False,1,False,0.5248,False
2009-02,fine_total_brl,206042398.26,0.474781,False,1.611028,False,0.452171,False,0.000324,False,0,False,0.1833,False
2009-03,fine_total_brl,177953588.81,0.759036,False,2.178252,False,0.389272,False,0.000849,False,0,False,0.2069,False
2009-04,fine_total_brl,248986908.99,0.132038,False,0.825876,False,0.371769,False,2.9e-05,False,0,False,0.1186,False
2009-05,fine_total_brl,686900553.4399999,1.513277,False,2.867154,False,0.444943,False,0.007333,False,0,False,0.2963,False
2009-06,fine_total_brl,254851377.73,0.238374,False,0.70123,False,0.405795,False,3.1e-05,False,0,False,0.125,False
2009-07,fine_total_brl,430447997.22,0.837735,False,1.137988,False,0.381513,False,0.002453,False,0,False,0.1695,False
2009-08,fine_total_brl,302475823.31,0.186167,False,0.101308,False,0.381429,False,0.000494,False,0,False,0.0939,False
2009-09,fine_total_brl,332083593.52,0.354617,False,0.260644,False,0.367696,False,0.001021,False,0,False,0.1061,False
2009-10,fine_total_brl,188292858.49,0.627958,False,1.659936,False,0.387677,False,0.000291,False,0,False,0.178,False
2009-11,fine_total_brl,200247596.87,0.436085,False,0.923592,False,0.370011,False,0.000156,False,0,False,0.1353,False
2009-12,fine_total_brl,318583315.19,0.440172,False,0.626303,False,0.369293,False,0.001147,False,0,False,0.1256,False
2010-01,fine_total_brl,53967624.5,2.660785,False,4.065701,True,0.566296,False,0.013237,False,1,False,0.4355,False
2010-02,fine_total_brl,75220293.67,1.92383,False,3.189475,True,0.468355,False,0.007422,False,1,False,0.332,False
2010-03,fine_total_brl,504187421.55,1.155927,False,1.649808,False,0.530404,False,0.005575,False,0,False,0.244,False
2010-04,fine_total_brl,132815922.77,0.834825,False,1.390968,False,0.456667,False,0.001369,False,0,False,0.1929,False
2010-05,fine_total_brl,107366617.52,1.024566,False,1.550109,False,0.423892,False,0.002877,False,0,False,0.2046,False
2010-06,fine_total_brl,267346694.59,0.422114,False,0.247932,False,0.393831,False,0.000538,False,0,False,0.1126,False
2010-07,fine_total_brl,195298409.4,0.03268,False,0.249541,False,0.372339,False,4.5e-05,False,0,False,0.0906,False
2010-08,fine_total_brl,212739768.58,0.195304,False,0.109242,False,0.361346,False,4e-05,False,0,False,0.0892,False
2010-09,fine_total_brl,401116034.36,1.233213,False,1.090414,False,0.395608,False,0.002905,False,0,False,0.1882,False
2010-10,fine_total_brl,228639779.10999998,0.32429,False,0.223733,False,0.376357,False,6.3e-05,False,0,False,0.1025,False
2010-11,fine_total_brl,271216036.51,0.555922,False,0.421086,False,0.361985,False,0.000369,False,0,False,0.1182,False
2010-12,fine_total_brl,115926011.94,0.753971,False,0.991654,False,0.409151,False,0.002946,False,0,False,0.1671,False
2011-01,fine_total_brl,202465625.9,0.203225,False,0.009144,False,0.378323,False,0.000104,False,0,False,0.0891,False
2011-02,fine_total_brl,286834877.27,0.677365,False,0.611412,False,0.364331,False,0.000354,False,0,False,0.1316,False
2011-03,fine_total_brl,264799795.60999998,0.389426,False,0.525304,False,0.364819,False,0.000142,False,0,False,0.1156,False
2011-04,fine_total_brl,181474778.23,0.359426,False,0.658855,False,0.374231,False,0.000428,False,0,False,0.1227,False
2011-05,fine_total_brl,210525786.78,0.052786,False,0.161911,False,0.365269,False,7.6e-05,False,0,False,0.0863,False
2011-06,fine_total_brl,386924530.84,1.759944,False,2.020504,False,0.391745,False,0.001793,False,0,False,0.2451,False
2011-07,fine_total_brl,451865386.51,1.946258,False,2.560767,False,0.39523,False,0.003109,False,0,False,0.2797,False
2011-08,fine_total_brl,182787759.46,0.834629,False,1.142549,False,0.391809,False,0.000375,False,0,False,0.1662,False
2011-09,fine_total_brl,176436197.8,0.874908,False,0.911532,False,0.369659,False,0.000459,False,0,False,0.1538,False
2011-10,fine_total_brl,243749874.23,0.138727,False,0.353416,False,0.360904,False,7.8e-05,False,0,False,0.097,False
2011-11,fine_total_brl,755360693.37,3.190493,True,3.723577,True,0.478286,False,0.0104,False,2,True,0.4171,False
2011-12,fine_total_brl,152956452.62,1.00726,False,1.15726,False,0.458756,False,0.000984,False,0,False,0.1898,False
2012-01,fine_total_brl,66105321.39,2.92323,False,3.629314,True,0.466008,False,0.009976,False,1,False,0.3983,False
2012-02,fine_total_brl,151382708.8,0.729027,False,1.118915,False,0.417544,False,0.000922,False,0,False,0.1677,False
2012-03,fine_total_brl,215502069.05,0.063296,False,0.249643,False,0.36237,False,2.6e-05,False,0,False,0.0897,False
2012-04,fine_total_brl,149489138.84,0.627038,False,0.786674,False,0.372178,False,0.000958,False,0,False,0.1401,False
2012-05,fine_total_brl,346446862.71,0.748169,False,1.510446,False,0.398215,False,0.001582,False,0,False,0.1825,False
2012-06,fine_total_brl,133701730.12,0.819028,False,0.961468,False,0.39832,False,0.001625,False,0,False,0.1627,False
2012-07,fine_total_brl,161181137.41,0.393878,False,0.304829,False,0.366449,False,0.000657,False,0,False,0.1083,False
2012-08,fine_total_brl,225611222.65,0.295127,False,1.113424,False,0.361674,False,2.6e-05,False,0,False,0.1352,False
2012-09,fine_total_brl,424027522.56,1.338321,False,2.605693,False,0.408087,False,0.002823,False,0,False,0.2582,False
2012-10,fine_total_brl,675004008.27,1.875018,False,3.550939,True,0.452542,False,0.008298,False,1,False,0.344,False
2012-11,fine_total_brl,377732096.08,0.717368,False,1.724341,False,0.420146,False,0.001804,False,0,False,0.1954,False
2012-12,fine_total_brl,110765760.0,1.039163,False,1.27008,False,0.433112,False,0.003733,False,0,False,0.1978,False
2013-01,fine_total_brl,116942743.2,0.880025,False,0.73753,False,0.38058,False,0.003298,False,0,False,0.1567,False
2013-02,fine_total_brl,157751474.67000002,0.558296,False,0.281779,False,0.373095,False,0.001081,False,0,False,0.1168,False
2013-03,fine_total_brl,280543561.84,0.43145,False,0.691194,False,0.377072,False,0.000251,False,0,False,0.1271,False
2013-04,fine_total_brl,340292257.07,0.72251,False,0.892813,False,0.381503,False,0.001015,False,0,False,0.1507,False
2013-05,fine_total_brl,260600048.26,0.146445,False,0.05209,False,0.366692,False,0.000118,False,0,False,0.0861,False
2013-06,fine_total_brl,256097564.23,0.160339,False,0.084445,False,0.360834,False,0.000108,False,0,False,0.0867,False
2013-07,fine_total_brl,320254476.73,0.4827,False,0.340306,False,0.367212,False,0.000863,False,0,False,0.1142,False
2013-08,fine_total_brl,224653270.53,0.287731,False,0.442993,False,0.375004,False,3.1e-05,False,0,False,0.1098,False
2013-09,fine_total_brl,299168924.69,0.257178,False,0.241819,False,0.363885,False,0.000714,False,0,False,0.0996,False
2013-10,fine_total_brl,248530452.06,0.041463,False,0.273839,False,0.370566,False,0.000175,False,0,False,0.0919,False
2013-11,fine_total_brl,279893477.4,0.449933,False,0.298978,False,0.360601,False,0.000563,False,0,False,0.1089,False
2013-12,fine_total_brl,135012679.53,1.381468,False,3.055929,True,0.403656,False,0.001423,False,1,False,0.274,False
2014-01,fine_total_brl,39731167.35,5.075362,True,8.816585,True,0.573763,False,0.019344,False,2,True,0.6347,False
2014-02,fine_total_brl,155811891.78,0.516239,False,2.381167,False,0.487462,False,0.000644,False,0,False,0.2255,False
2014-03,fine_total_brl,180990053.52,0.261712,False,1.675738,False,0.3737,False,0.000175,False,0,False,0.1602,False
2014-04,fine_total_brl,286725367.24,0.580132,False,0.422058,False,0.366808,False,0.000705,False,0,False,0.1212,False
2014-05,fine_total_brl,196373401.19,0.039906,False,1.132618,False,0.373953,False,5.4e-05,False,0,False,0.128,False
2014-06,fine_total_brl,269097495.31,0.553015,False,0.408435,False,0.359823,False,0.000415,False,0,False,0.1172,False
2014-07,fine_total_brl,329142642.58,0.895127,False,1.041193,False,0.367663,False,0.001326,False,0,False,0.1619,False
2014-08,fine_total_brl,257023375.67,0.457799,False,0.264219,False,0.366615,False,0.000239,False,0,False,0.1082,False
2014-09,fine_total_brl,292927956.31,0.660998,False,0.472835,False,0.361432,False,0.000656,False,0,False,0.1254,False
2014-10,fine_total_brl,224415597.79,0.204507,False,0.400969,False,0.367873,False,2.3e-05,False,0,False,0.103,False
2014-11,fine_total_brl,326779181.22,0.873703,False,1.038803,False,0.368267,False,0.001141,False,0,False,0.1606,False
2014-12,fine_total_brl,274984028.02,0.541628,False,0.377168,False,0.367786,False,0.000364,False,0,False,0.117,False
2015-01,fine_total_brl,48774603.32,2.54779,False,6.048524,True,0.577646,False,0.015916,False,1,False,0.521,False
2015-02,fine_total_brl,161863317.53,0.552049,False,1.742384,False,0.460965,False,0.000688,False,0,False,0.1949,False
2015-03,fine_total_brl,210093945.98,0.060729,False,0.80615,False,0.370748,False,3.5e-05,False,0,False,0.1146,False
2015-04,fine_total_brl,278930476.28,0.460928,False,0.211233,False,0.365136,False,0.000412,False,0,False,0.1063,False
2015-05,fine_total_brl,322570679.21,0.747131,False,0.733048,False,0.367538,False,0.001051,False,0,False,0.1422,False
2015-06,fine_total_brl,211006326.04,0.14933,False,0.968439,False,0.372082,False,1.4e-05,False,0,False,0.1252,False
2015-07,fine_total_brl,355765822.34,0.88196,False,0.983191,False,0.379467,False,0.001701,False,0,False,0.1625,False
2015-08,fine_total_brl,182026372.64,0.400394,False,1.278337,False,0.381066,False,0.000214,False,0,False,0.1511,False
2015-09,fine_total_brl,164430440.67,0.536035,False,1.298192,False,0.378435,False,0.000544,False,0,False,0.1579,False
2015-10,fine_total_brl,232178990.87,0.202536,False,0.165448,False,0.362421,False,3e-05,False,0,False,0.092,False
2015-11,fine_total_brl,519599445.87,1.714386,False,2.17831,False,0.418406,False,0.005134,False,0,False,0.2644,False
2015-12,fine_total_brl,153587419.53,0.597916,False,0.932803,False,0.422674,False,0.000961,False,0,False,0.1557,False
2016-01,fine_total_brl,60100283.38,2.119095,False,3.107715,True,0.475027,False,0.012192,False,1,False,0.3509,False
2016-02,fine_total_brl,172001523.16,0.377159,False,0.501263,False,0.429576,False,0.000564,False,0,False,0.1289,False
2016-03,fine_total_brl,240664767.5,0.238793,False,0.341244,False,0.361046,False,3.4e-05,False,0,False,0.1006,False
2016-04,fine_total_brl,311795840.22,0.699459,False,0.841337,False,0.367901,False,0.000607,False,0,False,0.1436,False
2016-05,fine_total_brl,240303258.02,0.194915,False,0.173307,False,0.366571,False,3.4e-05,False,0,False,0.0929,False
2016-06,fine_total_brl,279957557.41,0.534546,False,0.576866,False,0.363082,False,0.000186,False,0,False,0.1235,False
2016-07,fine_total_brl,431576883.43,1.292062,False,1.366905,False,0.388246,False,0.002277,False,0,False,0.199,False
2016-08,fine_total_brl,482054613.22,1.418353,False,1.617752,False,0.39947,False,0.003125,False,0,False,0.2193,False
2016-09,fine_total_brl,281712026.6,0.283337,False,0.298407,False,0.379061,False,0.000123,False,0,False,0.1047,False
2016-10,fine_total_brl,430702919.83,0.937882,False,1.148416,False,0.385726,False,0.002108,False,0,False,0.1741,False
2016-11,fine_total_brl,409107323.6,0.736359,False,0.591964,False,0.379873,False,0.001769,False,0,False,0.1404,False
2016-12,fine_total_brl,132315733.74,1.137105,False,1.262909,False,0.439061,False,0.002764,False,0,False,0.2002,False
2017-01,fine_total_brl,82764044.45,1.876735,False,2.050281,False,0.457173,False,0.008359,False,0,False,0.2827,False
2017-02,fine_total_brl,274621004.37,0.09869,False,0.037539,False,0.436616,False,0.000142,False,0,False,0.0983,False
2017-03,fine_total_brl,459484984.46,1.02766,False,1.248267,False,0.390728,False,0.002943,False,0,False,0.1853,False
2017-04,fine_total_brl,208440457.61,0.592543,False,0.682023,False,0.391807,False,0.000164,False,0,False,0.1364,False
2017-05,fine_total_brl,245024444.6,0.223931,False,0.228903,False,0.365433,False,5.6e-05,False,0,False,0.0962,False
2017-06,fine_total_brl,188963646.45,0.708186,False,0.664885,False,0.376205,False,0.000306,False,0,False,0.1375,False
2017-07,fine_total_brl,264387114.14,0.025108,False,0.083056,False,0.365801,False,0.000168,False,0,False,0.0823,False
2017-08,fine_total_brl,299856222.95,0.288232,False,0.186696,False,0.363088,False,0.000559,False,0,False,0.098,False
2017-09,fine_total_brl,298936807.27,0.381855,False,0.229015,False,0.361072,False,0.000562,False,0,False,0.1033,False
2017-10,fine_total_brl,189839894.3,0.541784,False,0.772484,False,0.3752,False,0.000199,False,0,False,0.1346,False
2017-11,fine_total_brl,178910490.34,0.553539,False,0.964672,False,0.370823,False,0.000361,False,0,False,0.1426,False
2017-12,fine_total_brl,161875764.16,0.663228,False,1.050462,False,0.372772,False,0.000777,False,0,False,0.1523,False
2018-01,fine_total_brl,94543872.12,2.001309,False,2.743425,False,0.416498,False,0.005391,False,0,False,0.3002,False
2018-02,fine_total_brl,127198889.75,1.416912,False,1.809408,False,0.397735,False,0.002457,False,0,False,0.2251,False
2018-03,fine_total_brl,356312971.21,1.268856,False,1.595174,False,0.419563,False,0.001289,False,0,False,0.2115,False
2018-04,fine_total_brl,426267845.08,1.922562,False,2.085742,False,0.393855,False,0.002452,False,0,False,0.2568,False
2018-05,fine_total_brl,664575310.55,2.560492,False,2.47494,False,0.437801,False,0.007364,False,0,False,0.3221,False
2018-06,fine_total_brl,252627222.71,0.125028,False,0.262847,False,0.405678,False,3.9e-05,False,0,False,0.102,False
2018-07,fine_total_brl,272010004.28,0.218236,False,0.100206,False,0.36428,False,0.000138,False,0,False,0.0906,False
2018-08,fine_total_brl,305548790.08,0.42903,False,0.293337,False,0.363349,False,0.000452,False,0,False,0.1081,False
2018-09,fine_total_brl,247111268.32,0.032873,False,0.113018,False,0.370679,False,3.7e-05,False,0,False,0.0845,False
2018-10,fine_total_brl,123809977.96,1.2251,False,1.374857,False,0.404815,False,0.003058,False,0,False,0.2021,False
2018-11,fine_total_brl,292002475.86,0.416793,False,0.266533,False,0.393345,False,0.000292,False,0,False,0.1124,False
2018-12,fine_total_brl,221686057.86,0.14201,False,0.286588,False,0.370205,False,8.1e-05,False,0,False,0.0963,False
2019-01,fine_total_brl,288169891.87,0.282743,False,0.269129,False,0.362061,False,0.000247,False,0,False,0.1002,False
2019-02,fine_total_brl,177415320.05,0.913375,False,1.717655,False,0.380075,False,0.00065,False,0,False,0.1917,False
2019-03,fine_total_brl,232183933.54999998,0.42944,False,0.704699,False,0.369929,False,1.5e-05,False,0,False,0.1255,False
2019-04,fine_total_brl,171768940.13,1.073101,False,2.076842,False,0.377309,False,0.000682,False,0,False,0.2128,False
2019-05,fine_total_brl,231871276.57,0.17357,False,0.337497,False,0.365903,False,4e-06,False,0,False,0.0986,False
2019-06,fine_total_brl,396171056.88,2.093136,False,2.175387,False,0.383779,False,0.002003,False,0,False,0.2643,False
2019-07,fine_total_brl,189125800.99,0.72697,False,0.832317,False,0.384831,False,0.000282,False,0,False,0.1471,False
2019-08,fine_total_brl,375950857.21999997,1.584931,False,1.457748,False,0.392066,False,0.001755,False,0,False,0.2144,False
2019-09,fine_total_brl,392543866.81,1.55676,False,1.588207,False,0.388848,False,0.002199,False,0,False,0.2191,False
2019-10,fine_total_brl,305035336.1,0.624271,False,0.74066,False,0.376362,False,0.000801,False,0,False,0.1386,False
2019-11,fine_total_brl,232770685.77,0.3881,False,0.297691,False,0.3684,False,0.000135,False,0,False,0.1068,False
2019-12,fine_total_brl,249993890.35,0.089205,False,0.202033,False,0.361768,False,0.000328,False,0,False,0.0895,False
2020-01,fine_total_brl,59673319.08,4.928124,True,3.942059,True,0.52448,False,0.010647,False,2,True,0.509,False
2020-02,fine_total_brl,168600238.94,0.581525,False,0.799694,False,0.432138,False,0.000313,False,0,False,0.1497,False
2020-03,fine_total_brl,173168008.55,0.518936,False,0.691861,False,0.367662,False,0.00021,False,0,False,0.1287,False
2020-04,fine_total_brl,103071379.92,1.458218,False,1.84002,False,0.409968,False,0.002613,False,0,False,0.2311,False
2020-05,fine_total_brl,78064476.58,1.767717,False,2.394356,False,0.437461,False,0.005135,False,0,False,0.2797,False
2020-06,fine_total_brl,328315138.43,0.836287,False,0.630865,False,0.473309,False,0.002657,False,0,False,0.1683,False
2020-07,fine_total_brl,180575977.2,0.086742,False,0.246321,False,0.376743,False,6.6e-05,False,0,False,0.0937,False
2020-08,fine_total_brl,134637034.14000002,0.557594,False,0.653403,False,0.378447,False,0.000443,False,0,False,0.1316,False
2020-09,fine_total_brl,274191862.28,0.779614,False,0.667822,False,0.386095,False,0.00165,False,0,False,0.1463,False
2020-10,fine_total_brl,321018071.29,1.177848,False,1.024903,False,0.381405,False,0.002998,False,0,False,0.1804,False
2020-11,fine_total_brl,210901336.43,0.394693,False,0.302824,False,0.374735,False,0.000442,False,0,False,0.1094,False
2020-12,fine_total_brl,156017850.9,0.139817,False,0.215256,False,0.366966,False,3.3e-05,False,0,False,0.0924,False
2021-01,fine_total_brl,21033947.63,3.843301,True,3.973071,True,0.631737,True,0.0295,False,3,True,0.5384,False
2021-02,fine_total_brl,45275873.33,1.584005,False,2.519013,False,0.510513,False,0.011845,False,0,False,0.3107,False
2021-03,fine_total_brl,136154757.97,0.028391,False,0.259656,False,0.431332,False,0.000395,False,0,False,0.1042,False
2021-04,fine_total_brl,189277285.23,0.455901,False,0.354716,False,0.365829,False,0.000118,False,0,False,0.1114,False
2021-05,fine_total_brl,147476683.43,0.088467,False,0.242733,False,0.367624,False,0.000336,False,0,False,0.0924,False
2021-06,fine_total_brl,256071218.97,0.713105,False,1.269608,False,0.374167,False,0.000916,False,0,False,0.1642,False
2021-07,fine_total_brl,229726950.15,0.619034,False,0.943293,False,0.368614,False,0.000414,False,0,False,0.1441,False
2021-08,fine_total_brl,313983974.71999997,0.981021,False,1.521798,False,0.379185,False,0.001821,False,0,False,0.1893,False
2021-09,fine_total_brl,232000869.3,0.490424,False,0.325068,False,0.367056,False,0.000313,False,0,False,0.1124,False
2021-10,fine_total_brl,258600689.79,0.64678,False,0.630715,False,0.361807,False,0.000543,False,0,False,0.1312,False
2021-11,fine_total_brl,595421387.82,1.729426,False,2.910405,False,0.432754,False,0.007903,False,0,False,0.306,False
2021-12,fine_total_brl,221085965.92,0.33797,False,0.123991,False,0.406528,False,5.4e-05,False,0,False,0.1053,False
2022-01,fine_total_brl,70960277.93,0.970662,False,3.080058,True,0.477199,False,0.008613,False,1,False,0.2928,False
2022-02,fine_total_brl,93374698.32000001,1.022928,False,2.348424,False,0.423046,False,0.005063,False,0,False,0.2435,False
2022-03,fine_total_brl,146828791.34,0.534208,False,1.141972,False,0.392902,False,0.001198,False,0,False,0.1561,False
2022-04,fine_total_brl,256712505.91,0.452888,False,0.34712,False,0.369475,False,0.00015,False,0,False,0.1118,False
2022-05,fine_total_brl,308729707.89,0.732681,False,0.931334,False,0.3633,False,0.000672,False,0,False,0.1479,False
2022-06,fine_total_brl,306553048.68,0.609004,False,0.926331,False,0.365083,False,0.000593,False,0,False,0.1427,False
2022-07,fine_total_brl,155131789.34,0.619542,False,1.319626,False,0.385421,False,0.001272,False,0,False,0.1657,False
2022-08,fine_total_brl,479209030.93,1.394751,False,1.868754,False,0.438316,False,0.003374,False,0,False,0.2377,False
2022-09,fine_total_brl,286522677.67,0.41848,False,0.314553,False,0.378255,False,0.000235,False,0,False,0.1111,False
2022-10,fine_total_brl,384920823.04,0.862895,False,0.786861,False,0.378332,False,0.001328,False,0,False,0.1523,False
2022-11,fine_total_brl,301695457.56,0.404881,False,0.158138,False,0.369304,False,0.000248,False,0,False,0.1022,False
2022-12,fine_total_brl,249375119.04,0.217144,False,0.204189,False,0.370566,False,9.3e-05,False,0,False,0.0961,False
2023-01,fine_total_brl,136533789.58,0.846162,False,1.92992,False,0.40121,False,0.003455,False,0,False,0.2097,False
2023-02,fine_total_brl,227058577.74,0.06948,False,0.499634,False,0.381822,False,0.000355,False,0,False,0.1054,False
2023-03,fine_total_brl,305295962.23,0.489129,False,0.519804,False,0.36723,False,4.9e-05,False,0,False,0.1198,False
2023-04,fine_total_brl,751837950.12,2.958147,False,4.217425,True,0.442396,False,0.006297,False,1,False,0.4094,False
2023-05,fine_total_brl,530167206.11,1.292767,False,1.733622,False,0.417613,False,0.002467,False,0,False,0.221,False
2023-06,fine_total_brl,723419652.33,1.756004,False,2.220025,False,0.433251,False,0.005715,False,0,False,0.2726,False
2023-07,fine_total_brl,451547317.54,0.572624,False,0.717603,False,0.402004,False,0.001367,False,0,False,0.1424,False
2023-08,fine_total_brl,483263054.75,0.587128,False,0.709222,False,0.387762,False,0.001959,False,0,False,0.1412,False
2023-09,fine_total_brl,328641456.81,0.190338,False,0.08603,False,0.383762,False,0.000245,False,0,False,0.0933,False
2023-10,fine_total_brl,384516413.36,0.103367,False,0.159008,False,0.373864,False,0.000874,False,0,False,0.0923,False
2023-11,fine_total_brl,387114983.95,0.11721,False,0.173813,False,0.371365,False,0.001014,False,0,False,0.0933,False
2023-12,fine_total_brl,262656671.02,0.716988,False,0.939824,False,0.383078,False,0.000117,False,0,False,0.1503,False
2024-01,fine_total_brl,43427725.39,4.436758,True,5.338837,True,0.622627,True,0.022626,False,3,True,0.5997,False
2024-02,fine_total_brl,198417877.62,0.724814,False,1.625365,False,0.521291,False,0.000588,False,0,False,0.2097,False
2024-03,fine_total_brl,176338875.17,0.859205,False,1.913706,False,0.410285,False,0.001075,False,0,False,0.2051,False
2024-04,fine_total_brl,197008842.86,0.632091,False,1.290919,False,0.402144,False,0.000555,False,0,False,0.1666,False
2024-05,fine_total_brl,361784063.56,0.310368,False,0.033535,False,0.390418,False,0.000846,False,0,False,0.0991,False
2024-06,fine_total_brl,308098779.02,0.139804,False,0.2491,False,0.376556,False,0.000258,False,0,False,0.0965,False
2024-07,fine_total_brl,183216670.79,0.533118,False,1.363849,False,0.389931,False,0.001064,False,0,False,0.1643,False
2024-08,fine_total_brl,404259070.55,0.815283,False,0.709315,False,0.394313,False,0.001171,False,0,False,0.15,False
2024-09,fine_total_brl,826328315.29,2.013881,False,2.181192,False,0.444097,False,0.00822,False,0,False,0.2907,False
2024-10,fine_total_brl,734232832.72,1.475192,False,1.797311,False,0.446842,False,0.006217,False,0,False,0.2475,False
2024-11,fine_total_brl,826995911.37,1.452956,False,1.978448,False,0.447811,False,0.007598,False,0,False,0.258,False
2024-12,fine_total_brl,395186403.51,0.380948,False,0.549264,False,0.408573,False,0.000621,False,0,False,0.1268,False
2025-01,fine_total_brl,122247738.18,1.067375,False,1.202004,False,0.463156,False,0.005615,False,0,False,0.2075,False
2025-02,fine_total_brl,384694844.47,0.259927,False,0.169549,False,0.427421,False,0.000456,False,0,False,0.1095,False
2025-03,fine_total_brl,226055073.78,0.659702,False,0.513698,False,0.388734,False,0.000596,False,0,False,0.1326,False
2025-04,fine_total_brl,286409542.78,0.329013,False,0.312931,False,0.379332,False,5.1e-05,False,0,False,0.1071,False
2025-05,fine_total_brl,450916686.34000003,0.374357,False,0.334094,False,0.381973,False,0.001198,False,0,False,0.1135,False
2025-06,fine_total_brl,421821213.78000003,0.228922,False,0.124338,False,0.374964,False,0.00087,False,0,False,0.0963,False
2025-07,fine_total_brl,465013735.7,0.350003,False,0.226065,False,0.378567,False,0.001451,False,0,False,0.1079,False
2025-08,fine_total_brl,479394390.49,0.292139,False,0.41531,False,0.382066,False,0.001727,False,0,False,0.1149,False
2025-09,fine_total_brl,341033599.01,0.35414,False,0.60768,False,0.386539,False,0.000203,False,0,False,0.1223,False
2025-10,fine_total_brl,221112369.92,1.094502,False,2.429475,False,0.395821,False,0.000471,False,0,False,0.2318,False
2025-11,fine_total_brl,268381653.34,0.536773,False,1.316265,False,0.377463,False,3.2e-05,False,0,False,0.1571,False
2025-12,fine_total_brl,395404659.96,0.545004,False,0.244095,False,0.376693,False,0.00073,False,0,False,0.1145,False
2026-01,fine_total_brl,166136392.28,1.595488,False,2.169467,False,0.424726,False,0.002139,False,0,False,0.2524,False
2026-02,fine_total_brl,277782165.6,0.458113,False,0.738677,False,0.390213,False,1.9e-05,False,0,False,0.1324,False
2026-03,fine_total_brl,757408716.48,2.542455,False,1.914285,False,0.451748,False,0.006415,False,0,False,0.2984,False
2026-04,fine_total_brl,231366914.27,1.018559,False,1.209778,False,0.429186,False,0.000361,False,0,False,0.1845,False
2026-05,fine_total_brl,379738356.37,0.23502,False,0.082908,False,0.385214,False,0.000533,False,0,False,0.0961,False
2026-06,fine_total_brl,466681377.22,0.772137,False,0.64254,False,0.378876,False,0.001657,False,0,False,0.1435,False
2026-07,fine_total_brl,333465027.8,0.059955,False,0.188008,False,0.382044,False,0.000172,False,0,False,0.0915,False
2026-08,fine_total_brl,550835910.01,1.23597,False,1.196457,False,0.400624,False,0.003056,False,0,False,0.1942,False
2026-09,fine_total_brl,311725935.71999997,0.181445,False,0.191742,False,0.388482,False,6e-05,False,0,False,0.0978,False
